,VENTA,BRUTA,CONSUI,AGREGA,CTO,CTOINS,GASTOS,GAS,EMPAQUE,HONORA,COMISION,ARRIENDO,SEGURO,ENERGIA,FLETES,PUBLICI,OTROS,TOTPERSO,PERREMUN,SUELDOS,PRESTAC,TOTREM,INVINI,INVFIN,INVPRO,ROTACION,outlier_label,outlier_score,is_outlier
4191,6261900665.0,1266240563.0,506706737.7,759533825.3,4995660102.0,4995660102.0,5561837658.0,1026977.0,6587813.0,31278806.33,1361616.333,36770952.33,13763974.33,67157725.0,20235274.33,55850705.67,73824825.33,14526.0,13496.66667,282268812.3,129074296.0,392634816.4,673827897.3,833766061.3,753796979.3,4995660102.0,-1,-0.8765277758335489,True
5269,6261900665.0,1266240563.0,506706737.7,759533825.3,4995660102.0,4995660102.0,5561837658.0,1026977.0,6587813.0,31278806.33,1361616.333,36770952.33,13763974.33,67157725.0,20235274.33,55850705.67,73824825.33,14526.0,13496.66667,282268812.3,129074296.0,392634816.4,673827897.3,833766061.3,753796979.3,4995660102.0,-1,-0.8765277758335489,True
8848,6261900665.0,1266240563.0,506706737.7,759533825.3,4995660102.0,4995660102.0,5561837658.0,1026977.0,6587813.0,31278806.33,1361616.333,36770952.33,13763974.33,67157725.0,20235274.33,55850705.67,73824825.33,14526.0,13496.66667,282268812.3,129074296.0,392634816.4,673827897.3,833766061.3,753796979.3,4995660102.0,-1,-0.8765277758335489,True
5660,8136452936.0,1284383431.0,642418549.0,641964881.7,6848473682.0,6852069505.0,7315479383.0,844759.6667,8640305.333,16111625.0,357600.0,70419888.33,4930449.333,108578716.0,62817792.67,15799626.0,24771003.67,9734.0,9594.666667,251409464.7,101555963.0,342282916.5,410960597.7,643299651.0,527130124.3,6848473682.0,-1,-0.8733429844902799,True
5649,8136452936.0,1284383431.0,642418549.0,641964881.7,6848473682.0,6852069505.0,7315479383.0,844759.6667,8640305.333,16111625.0,357600.0,70419888.33,4930449.333,108578716.0,62817792.67,15799626.0,24771003.67,9734.0,9594.666667,251409464.7,101555963.0,342282916.5,410960597.7,643299651.0,527130124.3,6848473682.0,-1,-0.8733429844902799,True
5657,8136452936.0,1284383431.0,642418549.0,641964881.7,6848473682.0,6852069505.0,7315479383.0,844759.6667,8640305.333,16111625.0,357600.0,70419888.33,4930449.333,108578716.0,62817792.67,15799626.0,24771003.67,9734.0,9594.666667,251409464.7,101555963.0,342282916.5,410960597.7,643299651.0,527130124.3,6848473682.0,-1,-0.8733429844902799,True
4000,4214626589.0,869010223.0,357064543.5,511945679.5,3343727757.0,3345616366.0,3752324975.0,170519.3333,2986067.333,14586618.0,18174928.33,44247587.33,4374446.667,23601424.0,60398357.33,59670223.0,44807877.83,5996.333333,5341.333333,158362771.7,76774921.0,228285183.0,569021318.7,722981485.7,646001402.2,3343727757.0,-1,-0.8715839005458823,True
8726,4214626589.0,869010223.0,357064543.5,511945679.5,3343727757.0,3345616366.0,3752324975.0,170519.3333,2986067.333,14586618.0,18174928.33,44247587.33,4374446.667,23601424.0,60398357.33,59670223.0,44807877.83,5996.333333,5341.333333,158362771.7,76774921.0,228285183.0,569021318.7,722981485.7,646001402.2,3343727757.0,-1,-0.8715839005458823,True
4663,4214626589.0,869010223.0,357064543.5,511945679.5,3343727757.0,3345616366.0,3752324975.0,170519.3333,2986067.333,14586618.0,18174928.33,44247587.33,4374446.667,23601424.0,60398357.33,59670223.0,44807877.83,5996.333333,5341.333333,158362771.7,76774921.0,228285183.0,569021318.7,722981485.7,646001402.2,3343727757.0,-1,-0.8715839005458823,True
7433,2175887615.0,614388455.7,231645928.2,382742527.5,1561499159.0,1561499159.0,1786486821.0,0.0,2136608.333,16533659.0,11885426.67,12135989.67,3039254.333,14780300.0,56058267.33,12360987.67,10761856.5,3302.666667,2985.333333,78263417.67,36880549.67,111305472.5,421861140.3,465171870.7,443516505.5,1561499159.0,-1,-0.8471764854060404,True
4751,2175887615.0,614388455.7,231645928.2,382742527.5,1561499159.0,1561499159.0,1786486821.0,0.0,2136608.333,16533659.0,11885426.67,12135989.67,3039254.333,14780300.0,56058267.33,12360987.67,10761856.5,3302.666667,2985.333333,78263417.67,36880549.67,111305472.5,421861140.3,465171870.7,443516505.5,1561499159.0,-1,-0.8471764854060404,True
4184,2175887615.0,614388455.7,231645928.2,382742527.5,1561499159.0,1561499159.0,1786486821.0,0.0,2136608.333,16533659.0,11885426.67,12135989.67,3039254.333,14780300.0,56058267.33,12360987.67,10761856.5,3302.666667,2985.333333,78263417.67,36880549.67,111305472.5,421861140.3,465171870.7,443516505.5,1561499159.0,-1,-0.8471764854060404,True
4153,2843599667.0,399240473.7,250268849.5,148971624.2,2444359193.0,2444359193.0,2658541460.0,1712996.0,9376860.667,1628789.333,1640387.667,25877097.0,2143128.667,53629958.67,4206710.667,12756414.67,17914096.83,7080.0,1850.0,49661124.0,21042264.0,66813034.95,283152790.3,348208177.3,315680483.8,2444359193.0,-1,-0.8465817674608075,True
2839,2843599667.0,399240473.7,250268849.5,148971624.2,2444359193.0,2444359193.0,2658541460.0,1712996.0,9376860.667,1628789.333,1640387.667,25877097.0,2143128.667,53629958.67,4206710.667,12756414.67,17914096.83,7080.0,1850.0,49661124.0,21042264.0,66813034.95,283152790.3,348208177.3,315680483.8,2444359193.0,-1,-0.8465817674608075,True
7616,2843599667.0,399240473.7,250268849.5,148971624.2,2444359193.0,2444359193.0,2658541460.0,1712996.0,9376860.667,1628789.333,1640387.667,25877097.0,2143128.667,53629958.67,4206710.667,12756414.67,17914096.83,7080.0,1850.0,49661124.0,21042264.0,66813034.95,283152790.3,348208177.3,315680483.8,2444359193.0,-1,-0.8465817674608075,True
4269,2023867779.0,381281269.0,152044298.8,229236970.2,1642586510.0,1642586510.0,1793580914.0,678.6666667,3559818.667,19518432.33,0.0,4745242.0,2317204.333,4129107.667,24942259.33,43829530.0,8200922.167,2529.666667,2373.0,83445076.0,36872393.0,115806924.4,289921450.3,385323459.3,337622454.8,1642586510.0,-1,-0.8343322624550237,True
696,2023867779.0,381281269.0,152044298.8,229236970.2,1642586510.0,1642586510.0,1793580914.0,678.6666667,3559818.667,19518432.33,0.0,4745242.0,2317204.333,4129107.667,24942259.33,43829530.0,8200922.167,2529.666667,2373.0,83445076.0,36872393.0,115806924.4,289921450.3,385323459.3,337622454.8,1642586510.0,-1,-0.8343322624550237,True
4604,2023867779.0,381281269.0,152044298.8,229236970.2,1642586510.0,1642586510.0,1793580914.0,678.6666667,3559818.667,19518432.33,0.0,4745242.0,2317204.333,4129107.667,24942259.33,43829530.0,8200922.167,2529.666667,2373.0,83445076.0,36872393.0,115806924.4,289921450.3,385323459.3,337622454.8,1642586510.0,-1,-0.8343322624550237,True
8311,3252804942.0,310009089.0,103653507.0,206355582.0,2942795853.0,2942795853.0,3069973265.0,5897.0,0.0,2718165.0,0.0,13644018.0,1988000.0,4242556.0,35862500.0,457644.0,8027173.0,5784.0,5209.0,102275320.0,44290311.0,140495896.7,369134251.0,452582691.0,410858471.0,2942795853.0,-1,-0.8318091610445772,True
3802,2827601384.0,247677099.0,112904610.5,134772488.5,2579924285.0,2579924285.0,2722635143.0,9472.0,4148697.0,9454187.0,0.0,3494343.0,9143061.0,3705638.0,45028168.0,4767503.0,8240647.5,1987.0,1628.0,49120950.0,23199878.0,70526843.76,279765621.0,421890619.0,350828120.0,2579924285.0,-1,-0.82992838262757,True
6072,4322895369.0,898967709.0,240673869.5,658293839.5,3423927660.0,3423927660.0,3680088202.0,0.0,238665.6667,22452678.67,55096.0,5868852.0,321658.3333,842863.3333,156727020.3,17797585.33,15313200.83,900.0,802.3333333,32666553.67,14370535.33,45793094.92,192103281.0,177253210.3,184678245.7,3423927660.0,-1,-0.8221642525457888,True
3777,4322895369.0,898967709.0,240673869.5,658293839.5,3423927660.0,3423927660.0,3680088202.0,0.0,238665.6667,22452678.67,55096.0,5868852.0,321658.3333,842863.3333,156727020.3,17797585.33,15313200.83,900.0,802.3333333,32666553.67,14370535.33,45793094.92,192103281.0,177253210.3,184678245.7,3423927660.0,-1,-0.8221642525457888,True
6345,4322895369.0,898967709.0,240673869.5,658293839.5,3423927660.0,3423927660.0,3680088202.0,0.0,238665.6667,22452678.67,55096.0,5868852.0,321658.3333,842863.3333,156727020.3,17797585.33,15313200.83,900.0,802.3333333,32666553.67,14370535.33,45793094.92,192103281.0,177253210.3,184678245.7,3423927660.0,-1,-0.8221642525457888,True
8251,1367662175.0,399180319.0,141854489.0,257325830.0,968481856.0,968481856.0,1129300907.0,7921.0,357370.0,2830452.0,0.0,58000258.0,807546.0,19573711.0,12959676.0,7926203.0,4402825.0,6695.0,6494.0,153489175.0,61090792.0,207020847.8,240845642.0,250448637.0,245647139.5,968481856.0,-1,-0.8193165724394559,True
6075,2065645647.0,378853336.0,60231729.0,318621607.0,1686799920.0,1686799920.0,1784732900.0,1841.0,1100967.0,2574305.0,0.0,14980926.0,188780.0,6948187.0,636813.0,17368235.0,5605700.0,3247.0,3159.0,70179539.0,30382868.0,91128523.0,324078131.0,397511886.0,360795008.5,1686799920.0,-1,-0.818468335970461,True
8092,1780242935.0,409013644.0,168715300.0,240298344.0,1371242084.0,1371242084.0,1588115137.0,6536.0,0.0,2090417.0,0.0,3102005.0,1878994.0,1321094.0,73979894.0,39302341.0,35067968.0,1538.0,1527.0,78949507.0,37772000.0,113881440.0,159835391.0,164059206.0,161947298.5,1371242084.0,-1,-0.8171726049354159,True
4708,893905143.1,375132626.0,162795283.5,212337342.5,518762973.0,518762973.0,683616010.0,0.0,2982714.0,1984149.0,122532.0,37114227.0,4937042.0,5724407.0,48391742.0,2635320.0,6892838.5,3100.0,2493.0,69008176.0,31585785.0,97751846.96,230794617.0,227475181.0,229134899.0,518762973.0,-1,-0.8142354536776533,True
4579,2214612355.0,311302771.0,150572291.3,160730479.7,1903309584.0,1903309584.0,2073574402.0,10589.33333,51451.0,9667659.667,0.0,10111215.33,3722818.667,755422.0,16551126.67,80321102.67,2670789.333,458.0,420.0,28936470.67,11724709.67,39413874.32,235998363.7,289443583.0,262720973.3,1903309584.0,-1,-0.8076136893254497,True
4335,2214612355.0,311302771.0,150572291.3,160730479.7,1903309584.0,1903309584.0,2073574402.0,10589.33333,51451.0,9667659.667,0.0,10111215.33,3722818.667,755422.0,16551126.67,80321102.67,2670789.333,458.0,420.0,28936470.67,11724709.67,39413874.32,235998363.7,289443583.0,262720973.3,1903309584.0,-1,-0.8076136893254497,True
4071,2214612355.0,311302771.0,150572291.3,160730479.7,1903309584.0,1903309584.0,2073574402.0,10589.33333,51451.0,9667659.667,0.0,10111215.33,3722818.667,755422.0,16551126.67,80321102.67,2670789.333,458.0,420.0,28936470.67,11724709.67,39413874.32,235998363.7,289443583.0,262720973.3,1903309584.0,-1,-0.8076136893254497,True
2916,4546584996.0,768160106.0,111339284.3,656820821.7,3778424890.0,3778424890.0,3944755141.0,0.0,0.0,5977831.667,516377.6667,1638686.333,2750248.0,3986926.667,17402352.33,1008635.0,52187788.33,289.3333333,254.3333333,22765918.0,9909507.0,31605254.39,88092179.67,168802749.3,128447464.5,3778424890.0,-1,-0.8049315045182257,True
3636,4546584996.0,768160106.0,111339284.3,656820821.7,3778424890.0,3778424890.0,3944755141.0,0.0,0.0,5977831.667,516377.6667,1638686.333,2750248.0,3986926.667,17402352.33,1008635.0,52187788.33,289.3333333,254.3333333,22765918.0,9909507.0,31605254.39,88092179.67,168802749.3,128447464.5,3778424890.0,-1,-0.8049315045182257,True
4610,4546584996.0,768160106.0,111339284.3,656820821.7,3778424890.0,3778424890.0,3944755141.0,0.0,0.0,5977831.667,516377.6667,1638686.333,2750248.0,3986926.667,17402352.33,1008635.0,52187788.33,289.3333333,254.3333333,22765918.0,9909507.0,31605254.39,88092179.67,168802749.3,128447464.5,3778424890.0,-1,-0.8049315045182257,True
4159,1637389526.0,136387900.0,84472776.0,51915124.0,1501013297.0,1501013297.0,1593672835.0,76155.0,975290.0,2661799.0,0.0,3596524.0,1538966.0,23040902.0,4104483.0,15466709.0,3337544.0,1872.0,1747.0,45211579.0,17018856.0,59993667.24,146471800.0,166020698.0,156246249.0,1501013297.0,-1,-0.7992501894312998,True
4420,1470171019.0,254923604.0,51867197.0,203056407.0,1215628396.0,1215628396.0,1285426172.0,72578.0,0.0,3666300.0,1430793.0,20009948.0,891965.0,1666412.0,5078532.0,6308938.0,2195279.0,1318.0,1291.0,50676096.0,22871476.0,71505919.28,120629464.0,273308289.0,196968876.5,1215628396.0,-1,-0.7985671033047004,True
5884,1466249106.0,396049382.3,233498937.3,162550445.0,1065295836.0,1070199723.0,1319644620.0,0.0,1359.666667,11487199.0,34068.0,8235259.333,1310657.0,4857591.333,14380904.33,81318406.33,18615625.33,315.0,293.6666667,31847607.67,14281433.0,44669029.95,96272289.33,110721798.0,103497043.7,1065295836.0,-1,-0.797965122132285,True
4572,1466249106.0,396049382.3,233498937.3,162550445.0,1065295836.0,1070199723.0,1319644620.0,0.0,1359.666667,11487199.0,34068.0,8235259.333,1310657.0,4857591.333,14380904.33,81318406.33,18615625.33,315.0,293.6666667,31847607.67,14281433.0,44669029.95,96272289.33,110721798.0,103497043.7,1065295836.0,-1,-0.797965122132285,True
5620,1466249106.0,396049382.3,233498937.3,162550445.0,1065295836.0,1070199723.0,1319644620.0,0.0,1359.666667,11487199.0,34068.0,8235259.333,1310657.0,4857591.333,14380904.33,81318406.33,18615625.33,315.0,293.6666667,31847607.67,14281433.0,44669029.95,96272289.33,110721798.0,103497043.7,1065295836.0,-1,-0.797965122132285,True
3949,1193719473.0,213628276.0,79669777.5,133958498.5,980091197.0,980091197.0,1073311102.0,195.0,838087.0,140577.0,1354879.0,11372926.0,1468632.0,2065166.0,17806535.0,4222131.0,6609558.5,2205.0,2058.0,44092500.0,18453539.0,51597279.96,194002998.0,247968001.0,220985499.5,980091197.0,-1,-0.7967017258161987,True
2832,919397245.6,206428931.0,71331680.5,135097250.5,712988882.0,712988882.0,810120380.0,0.0,1208906.0,2726225.0,0.0,17179436.0,1948898.0,6615990.0,12102995.0,2954922.0,10552429.5,2671.0,2528.0,55850980.0,19719847.0,73179869.36,148675303.0,175207987.0,161941645.0,712988882.0,-1,-0.7960884511947579,True
3790,1177717207.0,688354402.0,210952885.0,477401517.0,489362805.0,489362805.0,745172256.0,0.0,2369795.0,7671015.0,0.0,2101553.0,388637.0,97745.0,5231578.0,154413198.0,23419445.0,455.0,402.0,54023851.0,19425952.0,70847163.36,150747730.0,384285308.0,267516519.0,489362805.0,-1,-0.7929037766936253,True
3981,704554707.3,252779839.3,120003548.5,132776290.8,451774868.0,451774868.0,582354695.7,4758.666667,4063406.0,6774899.333,5341555.0,35129058.0,424945.3333,6052459.667,5297156.667,8600960.0,9088681.833,1461.333333,1379.0,29521076.0,11813869.0,36200135.59,109149628.0,152349865.3,130749746.7,451774868.0,-1,-0.7921502809019983,True
4722,704554707.3,252779839.3,120003548.5,132776290.8,451774868.0,451774868.0,582354695.7,4758.666667,4063406.0,6774899.333,5341555.0,35129058.0,424945.3333,6052459.667,5297156.667,8600960.0,9088681.833,1461.333333,1379.0,29521076.0,11813869.0,36200135.59,109149628.0,152349865.3,130749746.7,451774868.0,-1,-0.7921502809019983,True
5932,704554707.3,252779839.3,120003548.5,132776290.8,451774868.0,451774868.0,582354695.7,4758.666667,4063406.0,6774899.333,5341555.0,35129058.0,424945.3333,6052459.667,5297156.667,8600960.0,9088681.833,1461.333333,1379.0,29521076.0,11813869.0,36200135.59,109149628.0,152349865.3,130749746.7,451774868.0,-1,-0.7921502809019983,True
4609,906015242.7,284797312.0,93470937.5,191326374.5,621219324.0,621219324.0,713403952.0,0.0,897355.0,2380672.0,7122399.0,17179862.0,234215.0,11301396.0,3149270.0,7497195.0,15059731.5,1444.0,1372.0,36970273.0,14535922.0,49810031.8,101555718.0,155857585.0,128706651.5,621219324.0,-1,-0.7913143045252239,True
8917,1904789500.0,201072304.0,133313332.5,67758971.5,1703766356.0,1703766356.0,1826631007.0,161.0,0.0,2102243.0,0.0,9742438.0,1398702.0,9620469.0,43025891.0,1678656.0,6286389.5,2400.0,1498.0,34157952.0,13577567.0,39210364.08,38415585.0,49072033.0,43743809.0,1703766356.0,-1,-0.7904741224917541,True
7980,715782564.7,253260638.3,104392444.7,148868193.7,462521926.3,462521926.3,576883666.3,120.3333333,8117159.333,3432196.0,1215220.333,39794263.0,1037491.0,6845208.0,14403786.33,1550794.0,3279749.667,1143.0,1116.333333,32994303.0,11066427.67,42169475.17,111277340.3,189608725.7,150443033.0,462521926.3,-1,-0.7860946525420736,True
3871,715782564.7,253260638.3,104392444.7,148868193.7,462521926.3,462521926.3,576883666.3,120.3333333,8117159.333,3432196.0,1215220.333,39794263.0,1037491.0,6845208.0,14403786.33,1550794.0,3279749.667,1143.0,1116.333333,32994303.0,11066427.67,42169475.17,111277340.3,189608725.7,150443033.0,462521926.3,-1,-0.7860946525420736,True
6009,715782564.7,253260638.3,104392444.7,148868193.7,462521926.3,462521926.3,576883666.3,120.3333333,8117159.333,3432196.0,1215220.333,39794263.0,1037491.0,6845208.0,14403786.33,1550794.0,3279749.667,1143.0,1116.333333,32994303.0,11066427.67,42169475.17,111277340.3,189608725.7,150443033.0,462521926.3,-1,-0.7860946525420736,True
4281,814498153.3,390058532.0,187164627.3,202893904.7,424439621.3,424439621.3,623704998.3,1110.666667,726602.0,9371871.333,370.3333333,11385791.67,772945.3333,910846.6667,37268229.67,59564218.0,6550604.333,917.3333333,794.0,33426997.67,16963724.0,47903798.08,72122834.0,155754095.0,113938464.5,424439621.3,-1,-0.7843108589365267,True
5991,814498153.3,390058532.0,187164627.3,202893904.7,424439621.3,424439621.3,623704998.3,1110.666667,726602.0,9371871.333,370.3333333,11385791.67,772945.3333,910846.6667,37268229.67,59564218.0,6550604.333,917.3333333,794.0,33426997.67,16963724.0,47903798.08,72122834.0,155754095.0,113938464.5,424439621.3,-1,-0.7843108589365267,True
8727,814498153.3,390058532.0,187164627.3,202893904.7,424439621.3,424439621.3,623704998.3,1110.666667,726602.0,9371871.333,370.3333333,11385791.67,772945.3333,910846.6667,37268229.67,59564218.0,6550604.333,917.3333333,794.0,33426997.67,16963724.0,47903798.08,72122834.0,155754095.0,113938464.5,424439621.3,-1,-0.7843108589365267,True
8689,1209889423.0,270179817.0,46083256.0,224096561.0,934103771.0,939709606.0,985277356.0,2928.0,103455.0,4965811.0,371520.0,3091712.0,1603457.0,1468472.0,4616045.0,2453885.0,4449667.0,864.0,846.0,41074985.0,16889771.0,52221325.6,219369529.0,656297911.0,437833720.0,934103771.0,-1,-0.7810011537321032,True
8694,1097724861.0,209169769.3,55671213.83,153498555.5,883540397.0,888555091.7,958411551.0,29432.33333,668511.3333,2696463.0,7714736.667,3336775.667,943664.3333,1242991.0,5179054.0,11549849.33,9582585.5,673.6666667,651.6666667,29676763.33,12116134.67,40500462.35,149697493.3,250714160.3,200205826.8,883540397.0,-1,-0.7804023646664701,True
4411,1097724861.0,209169769.3,55671213.83,153498555.5,883540397.0,888555091.7,958411551.0,29432.33333,668511.3333,2696463.0,7714736.667,3336775.667,943664.3333,1242991.0,5179054.0,11549849.33,9582585.5,673.6666667,651.6666667,29676763.33,12116134.67,40500462.35,149697493.3,250714160.3,200205826.8,883540397.0,-1,-0.7804023646664701,True
3876,1097724861.0,209169769.3,55671213.83,153498555.5,883540397.0,888555091.7,958411551.0,29432.33333,668511.3333,2696463.0,7714736.667,3336775.667,943664.3333,1242991.0,5179054.0,11549849.33,9582585.5,673.6666667,651.6666667,29676763.33,12116134.67,40500462.35,149697493.3,250714160.3,200205826.8,883540397.0,-1,-0.7804023646664701,True
3687,1444034324.0,213393070.0,45284004.0,168109066.0,1222796177.0,1230657000.0,1289820501.0,0.0,94698.0,3942000.0,690264.0,2516400.0,1166000.0,1600839.0,3566856.0,9634000.0,8326497.0,656.0,628.0,33733776.0,13436945.0,45541387.08,211943160.0,346865000.0,279404080.0,1222796177.0,-1,-0.7794257568500624,True
4273,872299747.5,229494277.0,71002671.5,158491605.5,642808028.0,642808028.0,728544104.0,584.0,0.0,18016156.0,0.0,1434265.0,1479696.0,101146.0,2876692.0,19553846.0,15325297.5,437.0,407.0,62552651.0,24535784.0,84207030.76,296956845.0,271449993.0,284203419.0,642808028.0,-1,-0.7792236359916662,True
4178,869110761.4,264361159.0,63569125.5,200792033.5,604768008.0,604768008.0,700777057.0,0.0,3048990.0,10402156.0,40901.0,3963233.0,1244035.0,122979.0,5585626.0,2360290.0,21293265.5,447.0,392.0,73382122.0,30230354.0,100611572.8,188997153.0,184112283.0,186554718.0,604768008.0,-1,-0.77842957445275,True
9891,601217703.0,367401997.0,173217223.0,194184774.0,233809824.0,233809824.0,504136799.0,43.0,0.0,65163720.0,0.0,12884638.0,906000.0,630236.0,12560458.0,0.0,71022935.0,421.0,396.0,52211966.0,28163828.0,77813630.96,151383881.0,313880811.0,232632346.0,233809824.0,-1,-0.7783112714985271,True
3822,1472005741.0,199387132.0,30141051.0,169246081.0,1272618609.0,1272618609.0,1302328520.0,1707.0,0.0,7032152.0,0.0,76076.0,2374019.0,725874.0,34152.0,721647.0,3992630.0,1074.0,886.0,27458371.0,10885535.0,37388322.08,493906939.0,335506560.0,414706749.5,1272618609.0,-1,-0.7774775031519991,True
6174,1028758490.0,263159465.0,50587121.0,212572344.0,765576725.0,765576725.0,838671346.0,470.0,3746032.0,4672328.0,0.0,0.0,3320899.0,237803.0,4505984.0,8382328.0,18006412.0,287.0,252.0,46578445.0,31449799.0,75517535.28,131014490.0,160759970.0,145887230.0,765576725.0,-1,-0.7772631280674457,True
3950,656798512.0,157263973.0,59453282.5,97810690.5,499534539.0,499534539.0,579167521.0,235779.0,998773.0,1769877.0,0.0,13947678.0,71304.0,15338294.0,188316.0,6149689.0,6570108.5,1775.0,1737.0,35399519.0,16561101.0,50509224.88,101047612.0,109758440.0,105403026.0,499534539.0,-1,-0.7764176856539726,True
4434,1059968515.0,168990708.0,53582885.5,115407822.5,890995821.0,890995821.0,960550667.0,1109.0,1067272.0,6644271.0,0.0,897545.0,872126.0,561949.0,4455669.0,11878504.0,10847682.5,406.0,368.0,55873681.0,37274480.0,89975571.48,198323466.0,236189993.0,217256729.5,890995821.0,-1,-0.7742657304847238,True
5883,2259639746.0,249554627.3,47275627.0,202279000.3,1981014738.0,2010085119.0,2081388971.0,0.0,133914.6667,4785135.333,0.0,861120.0,1332219.667,69674.33333,16254997.67,13393047.33,6113905.0,129.6666667,118.6666667,11588263.0,3592038.333,14716323.04,170846998.7,356020987.0,263433992.8,1981014738.0,-1,-0.7732080432316351,True
5880,2259639746.0,249554627.3,47275627.0,202279000.3,1981014738.0,2010085119.0,2081388971.0,0.0,133914.6667,4785135.333,0.0,861120.0,1332219.667,69674.33333,16254997.67,13393047.33,6113905.0,129.6666667,118.6666667,11588263.0,3592038.333,14716323.04,170846998.7,356020987.0,263433992.8,1981014738.0,-1,-0.7732080432316351,True
5646,2259639746.0,249554627.3,47275627.0,202279000.3,1981014738.0,2010085119.0,2081388971.0,0.0,133914.6667,4785135.333,0.0,861120.0,1332219.667,69674.33333,16254997.67,13393047.33,6113905.0,129.6666667,118.6666667,11588263.0,3592038.333,14716323.04,170846998.7,356020987.0,263433992.8,1981014738.0,-1,-0.7732080432316351,True
5316,1467647461.0,182888080.0,77979490.5,104908589.5,1274646317.0,1284759381.0,1377871989.0,8674.0,369841.0,480049.0,1770179.0,1219988.0,199493.0,364527.0,24943097.0,17559601.0,9108064.5,530.0,511.0,30226878.0,11088810.0,40259386.28,161570967.0,31474408.0,96522687.5,1274646317.0,-1,-0.7726311772997478,True
6160,688913150.1,368042245.0,101206397.0,266835848.0,320868114.0,320868114.0,409923533.0,159.0,961070.0,6407918.0,473485.0,17870345.0,1278000.0,2825610.0,15633440.0,18161992.0,5307178.0,1064.0,551.0,22208754.0,6951189.0,28571107.28,131631569.0,203774198.0,167702883.5,320868114.0,-1,-0.7725405873727641,True
5601,676323482.0,202162865.0,121765848.0,80397017.0,474160617.0,474160617.0,608660484.0,0.0,0.0,63429779.0,0.0,2315011.0,444425.0,99571.0,3354671.0,18815480.0,10901762.0,914.0,866.0,106168687.0,35166765.0,134083980.5,93584844.0,151676146.0,122630495.0,474160617.0,-1,-0.7686832012752652,True
2825,425589675.7,245069011.0,81866063.0,163202948.0,180514259.0,180514259.0,293008061.0,0.0,0.0,27883755.0,0.0,1694508.0,2153046.0,2382639.0,8515001.0,6354875.0,23398289.0,1070.0,1047.0,100121538.0,43226950.0,139297386.6,91353221.0,0.0,45676610.5,180514259.0,-1,-0.7680587014989794,True
8793,471724313.0,106167772.0,81242521.5,24925250.5,365556541.0,365556541.0,458274751.0,0.0,348434.0,5371404.0,1523855.0,24049857.0,1417277.0,7931097.0,4135062.0,11700134.0,5074015.5,1867.0,1756.0,42529999.0,15774123.0,53494564.32,77661452.0,63593216.0,70627334.0,365556541.0,-1,-0.7678652078010019,True
5600,788996850.0,339332504.0,120944210.5,218388293.5,449664346.0,449664346.0,577592105.0,0.0,478540.0,2976299.0,0.0,2987560.0,563080.0,203431.0,7359680.0,85564964.0,5400144.5,415.0,379.0,60682640.0,22455022.0,80418795.32,177330514.0,166656836.0,171993675.0,449664346.0,-1,-0.765180197906667,True
3667,838100430.0,184983557.0,41706914.5,143276642.5,649765276.0,653116873.0,699360103.0,24788.0,0.0,4286367.0,2388026.0,3250000.0,1575212.0,751398.0,1880805.0,16132289.0,1201727.5,653.0,624.0,33943157.0,13666063.0,46259930.76,155682657.0,178554328.0,167118492.5,649765276.0,-1,-0.7628107466303012,True
8912,702284870.0,233173455.0,55395058.0,177778397.0,469111415.0,469111415.0,533784233.0,462.0,2230509.0,1897700.0,146355.0,12250328.0,1400625.0,475408.0,18130053.0,9244219.0,3136023.0,533.0,518.0,20240891.0,8608386.0,28014532.24,315077364.0,349544187.0,332310775.5,469111415.0,-1,-0.762475246798474,True
3896,942554431.6,173700692.0,52288119.5,121412572.5,768868057.0,768868057.0,831689859.0,62213.0,5835558.0,9863277.0,0.0,2268353.0,2739839.0,535926.0,12938913.0,213494.0,1863688.5,310.0,268.0,16898794.0,8772194.0,24788598.08,97533306.0,135143593.0,116338449.5,768868057.0,-1,-0.7600382529444991,True
8275,612166625.9,107603882.0,41205792.0,66398090.0,496659639.0,504542360.0,563353521.0,437384.0,2661732.0,953957.0,0.0,8234233.0,604474.0,5233593.0,777682.0,1983814.0,14158270.0,1314.0,1288.0,23256037.0,8842129.0,26415709.0,37962626.0,81594898.0,59778762.0,496659639.1,-1,-0.7577081906642963,True
3917,370368539.4,191946813.0,94800681.5,97146131.5,178424359.0,178424359.0,291121862.0,0.0,1098299.0,22244865.0,1464398.0,512493.0,1719880.0,99785.0,3516402.0,41223491.0,18907052.5,756.0,685.0,39279997.0,17385515.0,54731678.64,27774243.0,46598408.0,37186325.5,178424359.0,-1,-0.756074926334524,True
6092,399464517.0,175142377.7,85594390.17,89547987.5,224322139.3,224322139.3,305550095.0,794.0,625794.6667,615845.3333,135767.3333,17518947.67,271178.6667,5283607.0,5120286.333,4442316.667,8171142.833,1738.0,1274.333333,33256830.33,13195185.0,41876375.16,97839484.0,129395157.7,113617320.8,224322139.3,-1,-0.7497310998593256,True
3796,399464517.0,175142377.7,85594390.17,89547987.5,224322139.3,224322139.3,305550095.0,794.0,625794.6667,615845.3333,135767.3333,17518947.67,271178.6667,5283607.0,5120286.333,4442316.667,8171142.833,1738.0,1274.333333,33256830.33,13195185.0,41876375.16,97839484.0,129395157.7,113617320.8,224322139.3,-1,-0.7497310998593256,True
646,399464517.0,175142377.7,85594390.17,89547987.5,224322139.3,224322139.3,305550095.0,794.0,625794.6667,615845.3333,135767.3333,17518947.67,271178.6667,5283607.0,5120286.333,4442316.667,8171142.833,1738.0,1274.333333,33256830.33,13195185.0,41876375.16,97839484.0,129395157.7,113617320.8,224322139.3,-1,-0.7497310998593256,True
8905,491140365.0,151794762.0,95165045.5,56629716.5,339345603.0,339345603.0,440035529.0,0.0,1541611.0,6147881.0,28321967.0,3604591.0,227972.0,317668.0,16757146.0,30536555.0,1924979.5,452.0,424.0,32335607.0,14081448.0,45150327.44,941434.0,92852.0,517143.0,339345603.0,-1,-0.7477950685604587,True
2834,716157846.0,76941113.0,55051336.5,21889776.5,639216733.0,639216733.0,693301915.0,188.0,416166.0,5647809.0,0.0,6359225.0,940158.0,730061.0,16510532.0,12662891.0,2812183.5,899.0,569.0,28320547.0,8654472.0,36158406.88,124281827.0,202116134.0,163198980.5,639216733.0,-1,-0.7473712154357431,True
7931,538990168.5,201951955.0,189234363.0,12717592.0,337043811.0,337043811.0,533033565.0,0.0,0.0,33767536.0,0.0,1932068.0,700056.0,36235.0,19083519.0,87956097.0,4760574.0,227.0,226.0,41996896.0,17098520.0,57613263.96,48877428.0,87509311.0,68193369.5,337043811.0,-1,-0.7469976588653369,True
5443,768109398.2,210501769.0,59033737.5,151468031.5,557585864.0,557585864.0,617276554.0,0.0,0.0,33405725.0,0.0,338422.0,2056844.0,165407.0,4750333.0,10681776.0,649405.5,249.0,196.0,24083884.0,13215991.0,35627916.4,172865105.0,190237138.0,181551121.5,557585864.0,-1,-0.7461176337718511,True
9059,555474716.0,108686020.0,50461981.5,58224038.5,446788696.0,446788696.0,509626648.0,175129.0,4537770.0,1592200.0,337633.0,20913090.0,285529.0,577616.0,6617548.0,2121395.0,4039376.5,1207.0,1153.0,20919459.0,9316638.0,27548093.44,38734522.0,47444863.0,43089692.5,446788696.0,-1,-0.7453200200511808,True
3629,1083502614.0,96176124.0,39634189.5,56541934.5,987316885.0,987316885.0,1037135674.0,1130.0,6484430.0,3100656.0,156912.0,283486.0,1135774.0,141603.0,10628375.0,14475000.0,2060195.5,147.0,144.0,16521578.0,6740399.0,22656480.08,222754385.0,54097102.0,138425743.5,987316885.0,-1,-0.7440408742403957,True
6135,640031880.7,256409703.0,49434014.0,206975689.0,383624770.0,383624770.0,450645327.0,0.0,5702827.0,16310113.0,0.0,1840479.0,318438.0,32115.0,112670.0,15014960.0,4941820.0,243.0,223.0,35992435.0,12744868.0,46980856.36,79477965.0,105446664.0,92462314.5,383624770.0,-1,-0.7438626339217494,True
6237,1720044661.0,160562509.7,36010202.17,124552307.5,1559482151.0,1559482151.0,1614084425.0,0.0,0.0,341807.3333,0.0,577407.0,133394.0,96770.33333,6717114.333,11861844.33,1279981.167,187.0,167.3333333,17110252.67,6741422.0,23134236.88,232666375.7,253795694.7,243231035.2,1559482151.0,-1,-0.7433942993999695,True
4737,1720044661.0,160562509.7,36010202.17,124552307.5,1559482151.0,1559482151.0,1614084425.0,0.0,0.0,341807.3333,0.0,577407.0,133394.0,96770.33333,6717114.333,11861844.33,1279981.167,187.0,167.3333333,17110252.67,6741422.0,23134236.88,232666375.7,253795694.7,243231035.2,1559482151.0,-1,-0.7433942993999695,True
6087,1720044661.0,160562509.7,36010202.17,124552307.5,1559482151.0,1559482151.0,1614084425.0,0.0,0.0,341807.3333,0.0,577407.0,133394.0,96770.33333,6717114.333,11861844.33,1279981.167,187.0,167.3333333,17110252.67,6741422.0,23134236.88,232666375.7,253795694.7,243231035.2,1559482151.0,-1,-0.7433942993999695,True
4962,472679906.7,285200110.0,149002978.0,136197132.0,187444658.0,187444658.0,350994427.0,0.0,130449.0,58723575.0,0.0,3727491.0,458716.0,57010.0,19180106.0,35380314.0,19402672.0,476.0,297.0,24847853.0,12370415.0,35942292.36,46389653.0,54730615.0,50560134.0,187444658.0,-1,-0.7433464225077518,True
7440,700593406.0,182086300.0,39405333.5,142680966.5,511239386.0,518507106.0,562759351.0,29609.0,0.0,6355946.0,5100507.0,1067992.0,1797274.0,808835.0,7679548.0,5611907.0,4183079.5,395.0,369.0,10759177.0,4763575.0,14836793.32,114027461.0,195213603.0,154620532.0,506805959.1,-1,-0.7431432670422614,True
146,558473361.0,99978361.0,61148117.5,38830243.5,458495000.0,458495000.0,504782653.0,201663.0,2843123.0,1986807.0,2521934.0,7057839.0,532022.0,12657436.0,5049149.0,4102282.0,763305.5,1463.0,411.0,11839308.0,4374528.0,15687244.24,30288569.0,45483158.0,37885863.5,458495000.0,-1,-0.7423229866880229,True
4231,538466025.5,275431400.0,47110930.5,228320469.5,263039641.0,263039641.0,316316648.0,0.0,0.0,12541023.0,0.0,4195475.0,0.0,42000.0,9335292.0,3914094.0,7607285.5,428.0,407.0,48579746.0,22170548.0,68360036.96,114304159.0,177974349.0,146139254.0,263039641.0,-1,-0.7409118448837573,True
6017,1110628738.0,175906138.0,48208897.5,127697240.5,934722600.0,934722600.0,1010080691.0,5832.0,8259.0,4389948.0,0.0,477552.0,831783.0,161116.0,29192073.0,273285.0,11220279.5,156.0,137.0,16747113.0,7239077.0,23149053.28,77337618.0,149515593.0,113426605.5,934722600.0,-1,-0.7397160474903327,True
9470,903885056.0,93431224.67,35190716.83,58240507.83,810452631.0,810453831.3,847853045.3,289543.3333,0.0,1770561.0,155281.6667,3115957.667,431663.0,5443437.0,3300107.333,1105888.667,1251905.833,1074.666667,986.6666667,20932727.33,8273920.0,27961975.41,9561411.333,14064511.0,11812961.17,810452631.0,-1,-0.7371361758876356,True
6148,903885056.0,93431224.67,35190716.83,58240507.83,810452631.0,810453831.3,847853045.3,289543.3333,0.0,1770561.0,155281.6667,3115957.667,431663.0,5443437.0,3300107.333,1105888.667,1251905.833,1074.666667,986.6666667,20932727.33,8273920.0,27961975.41,9561411.333,14064511.0,11812961.17,810452631.0,-1,-0.7371361758876356,True
5654,903885056.0,93431224.67,35190716.83,58240507.83,810452631.0,810453831.3,847853045.3,289543.3333,0.0,1770561.0,155281.6667,3115957.667,431663.0,5443437.0,3300107.333,1105888.667,1251905.833,1074.666667,986.6666667,20932727.33,8273920.0,27961975.41,9561411.333,14064511.0,11812961.17,810452631.0,-1,-0.7371361758876356,True
3688,1018943689.0,155238254.0,25454270.5,129783983.5,826320180.0,863705435.0,903361529.0,140.0,10241.0,2100256.0,1338262.0,6423260.0,656496.0,492941.0,5563354.0,2468601.0,1517083.5,744.0,698.0,29422535.0,10576527.0,38894250.12,26300970.0,84964706.0,55632838.0,826320180.7,-1,-0.7345087725136951,True
6702,3752570512.0,87639614.33,73401545.83,14238068.5,3664930898.0,3664930898.0,3748606017.0,0.666666667,0.0,368944.3333,0.0,1.0,131528.6667,1.0,50417963.67,0.0,2057762.167,9.666666667,9.666666667,1894835.333,844300.3333,2670305.133,116714863.7,220113874.7,168414369.2,3664930898.0,-1,-0.7334052545595824,True
6229,3752570512.0,87639614.33,73401545.83,14238068.5,3664930898.0,3664930898.0,3748606017.0,0.666666667,0.0,368944.3333,0.0,1.0,131528.6667,1.0,50417963.67,0.0,2057762.167,9.666666667,9.666666667,1894835.333,844300.3333,2670305.133,116714863.7,220113874.7,168414369.2,3664930898.0,-1,-0.7334052545595824,True
6242,3752570512.0,87639614.33,73401545.83,14238068.5,3664930898.0,3664930898.0,3748606017.0,0.666666667,0.0,368944.3333,0.0,1.0,131528.6667,1.0,50417963.67,0.0,2057762.167,9.666666667,9.666666667,1894835.333,844300.3333,2670305.133,116714863.7,220113874.7,168414369.2,3664930898.0,-1,-0.7334052545595824,True
5293,412344229.0,132613259.0,64648151.5,67965107.5,279747386.0,279747386.0,346740352.0,142.0,0.0,3291127.0,0.0,19381190.0,880924.0,7507894.0,229378.0,1773168.0,8395978.5,1440.0,983.0,31209596.0,10470158.0,38812209.96,17263275.0,60523759.0,38893517.0,279747386.0,-1,-0.7322674562171709,True
4298,1192524415.0,149769066.0,42482023.0,107287043.0,1042749524.0,1042749524.0,1092385897.0,0.0,228998.0,1786978.0,0.0,2215330.0,378139.0,73587.0,3644580.0,28546099.0,2813371.0,450.0,407.0,20427930.0,6174642.0,25831401.0,77775753.0,144539484.0,111157618.5,1042749524.0,-1,-0.7320178820397195,True
6226,493135902.8,120843926.0,47637251.5,73206674.5,372289215.0,372289215.0,431312264.0,0.0,3341019.0,10640036.0,0.0,1343750.0,327235.0,41785.0,2267377.0,16833090.0,10468550.5,224.0,214.0,31133458.0,15252351.0,44779647.32,89370278.0,71492710.0,80431494.0,372289215.0,-1,-0.7290479743329055,True
6005,1234775069.0,83454288.0,23814732.0,59639556.0,1151325773.0,1151325773.0,1174171357.0,0.0,0.0,1272395.0,6260218.0,2009943.0,1330608.0,193699.0,3902831.0,1325973.0,548127.0,243.0,232.0,19214928.0,8914626.0,27271538.72,87511157.0,141104136.0,114307646.5,1151325773.0,-1,-0.7289038555917335,True
4448,632389134.8,97612886.0,24147338.5,73465547.5,534781823.0,534781823.0,565238290.0,71554.0,959955.0,443180.0,0.0,4626868.0,314106.0,3734610.0,5321102.0,979805.0,3676064.5,1182.0,1149.0,20121935.0,8067644.0,25804672.8,35951532.0,53886045.0,44918788.5,534781823.0,-1,-0.7277134705005402,True
6863,378679162.0,112269603.7,46719031.17,65550572.5,266409558.3,266409558.3,311878800.0,544.0,213557.0,372953.0,18833.66667,6426921.0,5939606.333,6102511.667,1457241.667,2977188.333,4432194.5,1929.666667,1864.333333,25874876.33,10271322.33,29585386.96,54277215.0,59905485.0,57091350.0,266409558.3,-1,-0.7271082018017392,True
714,378679162.0,112269603.7,46719031.17,65550572.5,266409558.3,266409558.3,311878800.0,544.0,213557.0,372953.0,18833.66667,6426921.0,5939606.333,6102511.667,1457241.667,2977188.333,4432194.5,1929.666667,1864.333333,25874876.33,10271322.33,29585386.96,54277215.0,59905485.0,57091350.0,266409558.3,-1,-0.7271082018017392,True
8770,378679162.0,112269603.7,46719031.17,65550572.5,266409558.3,266409558.3,311878800.0,544.0,213557.0,372953.0,18833.66667,6426921.0,5939606.333,6102511.667,1457241.667,2977188.333,4432194.5,1929.666667,1864.333333,25874876.33,10271322.33,29585386.96,54277215.0,59905485.0,57091350.0,266409558.3,-1,-0.7271082018017392,True
3672,782692078.7,126163672.0,34793354.0,91370318.0,644658336.0,655788243.0,698651394.0,18137.0,0.0,751429.0,2591436.0,4739058.0,834720.0,825909.0,1951857.0,2783689.0,5822703.0,687.0,399.0,22084539.0,8774973.0,28398275.08,26893011.0,81269786.0,54081398.5,644658336.2,-1,-0.7243757440213769,True
4190,1076108469.0,226147015.0,41011470.0,185135545.0,849938542.0,849938542.0,907103425.0,0.0,0.0,4076107.0,0.0,930549.0,94806.0,208374.0,2586750.0,14816344.0,10007369.0,42.0,42.0,7542578.0,2237784.0,9501232.8,47167974.0,184313022.0,115740498.0,849938542.0,-1,-0.721293764141357,True
4189,610093250.9,196033479.0,68613446.0,127420033.0,414078709.0,414078709.0,490968194.0,260.0,0.0,13572926.0,0.0,3251725.0,443234.0,5660.0,1309117.0,0.0,5473500.0,221.0,212.0,34512352.0,15168435.0,48134074.56,81527197.0,117244758.0,99385977.5,414078709.0,-1,-0.7212444044828886,True
6081,599452837.1,279755742.0,169201604.5,110554137.5,319624421.0,319624421.0,500879039.0,0.0,0.0,12448830.0,0.0,2284203.0,0.0,151044.0,76673.0,147614055.0,4458177.5,111.0,100.0,24200210.0,7568502.0,30795126.48,30673219.0,64767985.0,47720602.0,319624421.0,-1,-0.7192073551377965,True
116,756169764.0,105256428.0,31829656.0,73426772.0,650913336.0,650913336.0,679603701.0,0.0,0.0,549116.0,594308.0,505095.0,1180198.0,1796346.0,9582454.0,151944.0,2637194.0,522.0,376.0,11277290.0,4233092.0,15128640.08,246571915.0,185089036.0,215830475.5,650913336.0,-1,-0.7186916730880945,True
8691,635302598.0,98838895.0,22322361.5,76516533.5,523488683.0,536463703.0,562292715.0,0.0,0.0,1884245.0,365927.0,1593331.0,1076963.0,829080.0,2787785.0,3577775.0,375101.5,540.0,522.0,23780914.0,9564575.0,32414389.08,143041634.0,435221084.0,289131359.0,523488683.0,-1,-0.718656560254112,True
3932,527220267.0,122878083.0,36512998.5,86365084.5,403636226.0,404342184.0,444280521.0,2015.0,431595.0,1600850.0,90267.0,5247685.0,971728.0,844459.0,10180983.0,57785.0,3537875.5,756.0,673.0,27515626.0,9945455.0,36657102.52,66982446.0,129473034.0,98227740.0,403636226.0,-1,-0.7179519664209771,True
4827,368908171.6,170216348.0,59127453.5,111088894.5,198709722.0,198709722.0,238237040.0,45638.0,1091142.0,1145406.0,0.0,9492211.0,425998.0,2832691.0,2898784.0,5833007.0,3790915.5,682.0,465.0,17731399.0,7762977.0,24867216.72,78163595.0,112527200.0,95345397.5,198709722.0,-1,-0.7176889094188602,True
7888,713485418.0,85399584.0,46088540.0,39311044.0,628085834.0,628085834.0,692895828.0,0.0,173155.0,1344948.0,1976322.0,2156682.0,1886329.0,802583.0,10354525.0,485981.0,19374527.0,392.0,289.0,10812464.0,5609899.0,15995107.08,86150311.0,68658301.0,77404306.0,628085834.0,-1,-0.7169339237914237,True
7385,655029987.1,116590615.0,22657018.5,93933596.5,538429905.0,538429905.0,569046333.0,0.0,40648.0,374537.0,66766.0,7428722.0,1604732.0,1059890.0,6785397.0,464204.0,1666195.5,439.0,429.0,11159150.0,4595323.0,15318463.16,257327525.0,258129216.0,257728370.5,538429905.0,-1,-0.7157336900188381,True
6175,555296517.7,177941494.0,46766866.0,131174628.0,377337980.0,377337980.0,425575506.0,7472.0,0.0,2307628.0,0.0,2691482.0,590394.0,216451.0,8319685.0,6419658.0,1414891.0,334.0,252.0,42239561.0,16577083.0,57410519.88,79026982.0,104174435.0,91600708.5,377337980.0,-1,-0.7144076449348987,True
3676,760215408.0,62321027.0,26315749.5,36005277.5,677755036.0,697894381.0,726863862.0,39992.0,0.0,1431914.0,249368.0,3989516.0,736337.0,807875.0,1308423.0,5876489.0,1713380.5,695.0,649.0,31745079.0,11499715.0,37180327.6,36982415.0,49717073.0,43349744.0,677755036.5,-1,-0.7139178395580033,True
3977,312903869.3,100379161.0,55196276.0,45182885.0,212591980.0,212591980.0,273141129.0,4.0,435381.0,5676293.0,0.0,21957632.0,702962.0,3574138.0,1581459.0,8896272.0,2580857.0,806.0,716.0,15941013.0,6959135.0,21730716.8,100545411.0,96404351.0,98474881.0,212591980.0,-1,-0.713822773931128,True
8785,436910059.0,95328666.0,26389189.0,68939477.0,341581393.0,341581393.0,377748699.0,0.0,195171.0,180994.0,231798.0,8198982.0,589430.0,2639432.0,1543445.0,3732809.0,2290212.0,1590.0,1544.0,23794108.0,9251597.0,31852448.44,84766973.0,88103970.0,86435471.5,341581393.0,-1,-0.7129562100871878,True
3778,2013099601.0,107409149.0,5454481.5,101954667.5,1905725100.0,1905725100.0,1912310611.0,0.0,0.0,1757764.0,0.0,134050.0,1317308.0,44317.0,21157.0,147793.0,866148.5,82.0,81.0,4354458.0,1900132.0,6086168.0,216098657.0,143692940.0,179895798.5,1905725100.0,-1,-0.710611457163782,True
4284,848213489.0,121295129.0,21942693.0,99352436.0,769061296.0,769061296.0,806438606.0,0.0,0.0,2370722.0,0.0,682302.0,3302018.0,295935.0,3585281.0,3332607.0,3718697.0,200.0,182.0,47322585.0,13979223.0,58956099.92,0.0,0.0,0.0,0.0,-1,-0.708850866815,True
3969,272805887.7,123425565.0,56239676.67,67185888.33,149380322.7,149380322.7,198815377.7,2254.333333,226364.0,7658466.0,1044943.667,13864416.67,509725.0,1517408.0,4147793.667,4197449.333,4164157.0,963.3333333,772.3333333,17591230.67,7262306.333,23073581.45,39663503.33,58569829.67,49116666.5,149380322.7,-1,-0.7081425212326811,True
8629,272805887.7,123425565.0,56239676.67,67185888.33,149380322.7,149380322.7,198815377.7,2254.333333,226364.0,7658466.0,1044943.667,13864416.67,509725.0,1517408.0,4147793.667,4197449.333,4164157.0,963.3333333,772.3333333,17591230.67,7262306.333,23073581.45,39663503.33,58569829.67,49116666.5,149380322.7,-1,-0.7081425212326811,True
7422,272805887.7,123425565.0,56239676.67,67185888.33,149380322.7,149380322.7,198815377.7,2254.333333,226364.0,7658466.0,1044943.667,13864416.67,509725.0,1517408.0,4147793.667,4197449.333,4164157.0,963.3333333,772.3333333,17591230.67,7262306.333,23073581.45,39663503.33,58569829.67,49116666.5,149380322.7,-1,-0.7081425212326811,True
3690,680220969.0,104785404.0,29249036.5,75536367.5,569986591.0,575435565.0,606559799.0,3122.0,0.0,2975285.0,90849.0,4713603.0,562081.0,863705.0,1267339.0,4424055.0,3090842.5,519.0,511.0,18328484.0,6183475.0,23979058.48,74629289.0,165054119.0,119841704.0,569986591.0,-1,-0.7044989506643498,True
5984,356133185.3,67623505.0,30378763.5,37244741.5,288514974.0,288514974.0,322235149.0,0.0,0.0,1034956.0,0.0,7149222.0,1506591.0,530030.0,5275059.0,327334.0,3499196.5,749.0,640.0,32757840.0,13635795.0,45057660.0,88128696.0,173749477.0,130939086.5,288514974.0,-1,-0.7037931154773076,True
5651,1163460026.0,45173379.0,17975699.5,27197679.5,1118280625.0,1118280625.0,1143601009.0,0.0,1596039.0,805089.0,0.0,810167.0,874858.0,43502.0,6083115.0,0.0,6815585.5,94.0,87.0,3515370.0,1507328.0,4878549.44,136365397.0,130350346.0,133357871.5,1118280625.0,-1,-0.7026957541013384,True
462,1908688925.0,77971885.0,4105751.0,73866134.0,1830760627.0,1830760627.0,1844207350.0,0.0,0.0,1030326.0,0.0,166899.0,805717.0,11984.0,719045.0,0.0,870636.0,35.0,33.0,4274642.0,1867436.0,5988442.32,217528891.0,177350216.0,197439553.5,1830760627.0,-1,-0.700194359231898,True
5321,389009121.0,130742170.0,71222081.0,59520089.0,253346352.0,258266951.0,325704114.0,0.0,0.0,3765762.0,0.0,336849.0,2913167.0,852616.0,32566991.0,1463081.0,1836295.0,716.0,595.0,20810226.0,9724278.0,29712061.44,15253099.0,11133649.0,13193374.0,253346352.4,-1,-0.6997802003515193,True
3754,398216710.3,128617526.0,50512682.67,78104843.33,269108809.3,269599184.3,328583290.7,1779.333333,0.0,2578284.667,0.0,2020518.333,1669752.333,827585.3333,12448347.0,1304697.0,6836675.333,725.6666667,678.0,19254441.67,8304824.0,26802844.63,9307276.0,6491511.0,7899393.5,269108809.4,-1,-0.6979092673194134,True
7424,398216710.3,128617526.0,50512682.67,78104843.33,269108809.3,269599184.3,328583290.7,1779.333333,0.0,2578284.667,0.0,2020518.333,1669752.333,827585.3333,12448347.0,1304697.0,6836675.333,725.6666667,678.0,19254441.67,8304824.0,26802844.63,9307276.0,6491511.0,7899393.5,269108809.4,-1,-0.6979092673194134,True
6908,398216710.3,128617526.0,50512682.67,78104843.33,269108809.3,269599184.3,328583290.7,1779.333333,0.0,2578284.667,0.0,2020518.333,1669752.333,827585.3333,12448347.0,1304697.0,6836675.333,725.6666667,678.0,19254441.67,8304824.0,26802844.63,9307276.0,6491511.0,7899393.5,269108809.4,-1,-0.6979092673194134,True
4863,472016768.6,166118090.0,28260723.0,137857367.0,305901296.0,305901296.0,334953863.0,0.0,842792.0,7248698.0,0.0,1614750.0,950155.0,3119.0,3626857.0,6379981.0,701326.0,233.0,200.0,26675973.0,11599476.0,37366812.16,53834572.0,94200247.0,74017409.5,305901296.0,-1,-0.6977093848082977,True
6239,208418431.2,154811529.0,109088316.5,45723212.5,52581308.0,53609559.0,164039238.0,0.0,1828511.0,30877606.0,58280143.0,37788.0,26955.0,106449.0,4261235.0,8568128.0,787111.5,397.0,385.0,12777404.0,5522646.0,17827873.64,23465307.0,22739140.0,23102223.5,52581308.04,-1,-0.6974083492627047,True
4834,325405796.7,141630830.0,28665118.0,112965712.0,183769439.0,183769439.0,221963643.0,0.0,1386641.0,4661346.0,0.0,3030772.0,579851.0,430582.0,1805293.0,304778.0,4017850.0,594.0,561.0,30182108.0,12090626.0,41090491.44,88483414.0,83082470.0,85782942.0,183769439.0,-1,-0.6970054946835086,True
6134,383909016.0,102835744.0,31408051.5,71427692.5,281073272.0,281073272.0,317426623.0,0.0,6220984.0,1782777.0,0.0,1279667.0,403296.0,100918.0,4065156.0,11289839.0,2331282.5,185.0,181.0,32453012.0,14290154.0,45161442.76,54777192.0,86719693.0,70748442.5,281073272.0,-1,-0.6958384704284608,True
6042,1515858291.0,71795001.0,8196400.0,63598601.0,1444068644.0,1444068644.0,1453930428.0,0.0,4150819.0,585898.0,0.0,1218751.0,97629.0,23545.0,0.0,0.0,699454.0,103.0,90.0,6393701.0,2099316.0,8259407.88,119285328.0,88296298.0,103790813.0,1444068644.0,-1,-0.6932560621714686,True
6842,536013826.0,80494794.0,22994949.0,57499845.0,448692596.0,455519032.0,483911818.0,19420.0,0.0,701829.0,638246.0,8849912.0,498040.0,1261983.0,1890399.0,5706272.0,500523.0,581.0,546.0,18501449.0,7031887.0,24633149.2,22252095.0,59318884.0,40785489.5,448692596.2,-1,-0.6911320601216421,True
3891,277361138.0,106762528.0,43684695.0,63077833.0,149859274.0,170598610.0,219071397.0,0.0,0.0,18492516.0,57860.0,15150124.0,1462575.0,37468.0,1449052.0,1647980.0,1107308.0,697.0,685.0,24617994.0,9907892.0,32064461.0,18117095.0,29848442.0,23982768.5,149859274.9,-1,-0.6904325666678086,True
5930,316594505.6,126123824.0,39595093.0,86528731.0,190368573.0,190368573.0,229401849.0,0.0,0.0,1954689.0,0.0,10743457.0,208203.0,2313220.0,3259122.0,7490076.0,3341247.0,722.0,702.0,20361124.0,7976088.0,26698699.6,42045233.0,67108416.0,54576824.5,190368573.0,-1,-0.689043513155041,True
5039,848578843.2,63568505.0,23485655.0,40082850.0,785518999.0,785518999.0,812766640.0,0.0,0.0,1043465.0,0.0,835948.0,427940.0,47308.0,0.0,20338748.0,339945.0,114.0,103.0,20158528.0,7068491.0,26187162.2,141582072.0,40793245.0,91187658.5,785518999.0,-1,-0.6887634481235576,True
3760,427421297.0,116945233.7,33439690.5,83505543.17,310470512.3,310476063.3,345136327.7,0.0,164.6666667,2901927.0,2108498.0,356747.6667,472478.0,643407.3333,6932559.667,3488731.667,3865139.833,520.0,434.3333333,14638947.67,6552205.667,20617868.2,63471791.67,103187169.7,83329480.67,310470512.3,-1,-0.6883535337871225,True
8946,427421297.0,116945233.7,33439690.5,83505543.17,310470512.3,310476063.3,345136327.7,0.0,164.6666667,2901927.0,2108498.0,356747.6667,472478.0,643407.3333,6932559.667,3488731.667,3865139.833,520.0,434.3333333,14638947.67,6552205.667,20617868.2,63471791.67,103187169.7,83329480.67,310470512.3,-1,-0.6883535337871225,True
3710,427421297.0,116945233.7,33439690.5,83505543.17,310470512.3,310476063.3,345136327.7,0.0,164.6666667,2901927.0,2108498.0,356747.6667,472478.0,643407.3333,6932559.667,3488731.667,3865139.833,520.0,434.3333333,14638947.67,6552205.667,20617868.2,63471791.67,103187169.7,83329480.67,310470512.3,-1,-0.6883535337871225,True
8223,348575930.0,93130575.0,23396555.0,69734020.0,255445355.0,255445355.0,286016468.0,114.0,33330.0,1332918.0,39714.0,6061286.0,736258.0,571800.0,7243492.0,505325.0,3605548.0,824.0,803.0,22094971.0,9902199.0,26217099.68,80697126.0,105138362.0,92917744.0,255445355.0,-1,-0.6876072193868563,True
3914,487847360.2,97708001.0,19134541.5,78573459.5,390148458.0,390148458.0,409860282.0,258.0,426065.0,1734981.0,0.0,355489.0,1858547.0,597292.0,6175350.0,586948.0,1709381.5,470.0,457.0,17759829.0,8262060.0,25075719.72,89134377.0,115037189.0,102085783.0,390148458.0,-1,-0.6871709999597283,True
7230,867089926.4,145825951.0,14409730.5,131416220.5,721272952.0,721272952.0,737433650.0,10635.0,0.0,2687703.0,0.0,295632.0,0.0,424931.0,9035265.0,0.0,63545.5,216.0,172.0,3416711.0,1789325.0,5023361.0,79758256.0,160229652.0,119993954.0,721272952.0,-1,-0.6866190467320741,True
5616,408891555.4,136898049.0,46498331.0,90399718.0,272055466.0,272055466.0,323292720.0,0.0,0.0,1692934.0,223579.0,6992766.0,3071556.0,703602.0,1830884.0,983485.0,2466390.0,706.0,619.0,17492451.0,7518373.0,24456616.24,8001009.0,10700134.0,9350571.5,272055466.0,-1,-0.6844165293781493,True
7690,389617451.0,194612127.0,112347812.5,82264314.5,195005324.0,195005324.0,307839363.0,0.0,0.0,1604800.0,0.0,7301895.0,1116953.0,156226.0,962858.0,87023358.0,2661622.5,230.0,77.0,6525189.0,1869100.0,8177615.2,80893965.0,103652960.0,92273462.5,195005324.0,-1,-0.6834733093254011,True
6139,491138994.8,156141259.0,29839443.5,126301815.5,334976539.0,334976539.0,380860942.0,0.0,312722.0,1607488.0,0.0,29595.0,344829.0,1.0,2434933.0,14201186.0,9763365.5,163.0,155.0,13020343.0,5065023.0,17606094.24,91060673.0,104728396.0,97894534.5,334976539.0,-1,-0.6813292254736809,True
1011,480876649.0,93536652.0,33206941.0,60329711.0,387339997.0,387339997.0,415090585.0,35.0,949158.0,4599656.0,0.0,3295468.0,1508517.0,783244.0,10416306.0,1198751.0,1064363.0,423.0,173.0,7345586.0,3348843.0,10296536.88,55041517.0,82921167.0,68981342.0,387339997.0,-1,-0.6805267761996672,True
5934,687765010.0,79727112.0,12867428.0,66859684.0,607357358.0,608037898.0,627015748.0,4283.0,0.0,5017898.0,456364.0,1419036.0,6658.0,85955.0,657381.0,208845.0,2146913.0,162.0,94.0,5001250.0,1768183.0,6585063.16,423998541.0,136042236.0,280020388.5,607357358.0,-1,-0.6796153620946062,True
8688,390169744.0,70831994.0,22894410.0,47937584.0,318748034.0,319337750.0,351555425.0,9509.0,0.0,4550847.0,753828.0,4536626.0,1211774.0,603127.0,537809.0,3321927.0,4019477.0,505.0,495.0,16372602.0,8024723.0,23838713.08,25332089.0,54853849.0,40092969.0,318748034.0,-1,-0.6787094083085596,True
4275,354644945.5,147315618.0,41477095.5,105838522.5,207323507.0,207323507.0,249386537.0,0.0,725438.0,2248232.0,0.0,5405939.0,462915.0,181608.0,13355576.0,9626585.0,1005395.5,445.0,336.0,15515656.0,7163247.0,22169996.76,37548486.0,59724953.0,48636719.5,207323507.0,-1,-0.6772825342884767,True
3893,249000681.0,36603104.0,21810184.5,14792919.5,212397577.0,212397577.0,237463933.0,3298.0,1092578.0,32403.0,0.0,11378628.0,13478.0,2481623.0,3267551.0,123921.0,634196.5,1345.0,1325.0,18428486.0,8188869.0,25968777.48,24458987.0,18601257.0,21530122.0,212397577.0,-1,-0.6758055625820716,True
4405,262615809.0,85582953.0,34680253.0,50902700.0,177032856.0,177032856.0,220471297.0,0.0,472254.0,4701506.0,0.0,50566.0,747150.0,52700.0,1636428.0,14835182.0,8645975.0,242.0,232.0,27496981.0,13635228.0,39988813.96,38810349.0,52528574.0,45669461.5,177032856.0,-1,-0.6753667410897909,True
9150,182491171.0,62102533.0,39771560.5,22330972.5,120388638.0,120388638.0,163620236.0,0.0,1558267.0,854043.0,2386.0,15579040.0,12152.0,3992499.0,1268850.0,4346197.0,6009491.5,758.0,556.0,12433912.0,4758881.0,16744238.6,32255071.0,37526945.0,34891008.0,120388638.0,-1,-0.6733626475005802,True
4892,445816512.7,94857189.0,24547532.5,70309656.5,350949924.0,350949924.0,381045352.0,0.0,5888368.0,2334614.0,0.0,1926040.0,222495.0,17675.0,9423899.0,2010058.0,2070302.5,170.0,162.0,9722828.0,3736022.0,13048847.44,97527522.0,92049046.0,94788284.0,350949924.0,-1,-0.673279227520787,True
3429,252098342.3,110414430.3,65253354.17,45161076.17,141683912.0,141683912.0,194654880.0,0.0,499615.3333,1300593.333,0.0,2035754.333,954187.0,1394193.667,5061461.667,19662382.67,2582433.5,407.3333333,263.6666667,18808955.33,5889796.667,24038622.75,52692236.0,82823747.33,67757991.67,141683912.0,-1,-0.6727470929117139,True
412,252098342.3,110414430.3,65253354.17,45161076.17,141683912.0,141683912.0,194654880.0,0.0,499615.3333,1300593.333,0.0,2035754.333,954187.0,1394193.667,5061461.667,19662382.67,2582433.5,407.3333333,263.6666667,18808955.33,5889796.667,24038622.75,52692236.0,82823747.33,67757991.67,141683912.0,-1,-0.6727470929117139,True
7488,252098342.3,110414430.3,65253354.17,45161076.17,141683912.0,141683912.0,194654880.0,0.0,499615.3333,1300593.333,0.0,2035754.333,954187.0,1394193.667,5061461.667,19662382.67,2582433.5,407.3333333,263.6666667,18808955.33,5889796.667,24038622.75,52692236.0,82823747.33,67757991.67,141683912.0,-1,-0.6727470929117139,True
3675,458064595.0,58868322.0,13027079.5,45841242.5,395803864.0,399196273.0,419207673.0,96387.0,0.0,720365.0,1087103.0,2960990.0,344311.0,571659.0,614517.0,1474709.0,2601758.5,439.0,427.0,16770692.0,7375470.0,23461264.6,19222898.0,64797581.0,42010239.5,395803864.1,-1,-0.6719927056512515,True
1093,472664401.0,70531868.0,15539414.5,54992453.5,402132533.0,402132533.0,424164129.0,8536.0,942157.0,1175848.0,0.0,2409146.0,234063.0,2310416.0,267445.0,767585.0,990389.5,787.0,761.0,16434244.0,6984197.0,20045303.76,17086378.0,27586635.0,22336506.5,402132533.0,-1,-0.6719035564951538,True
3933,412805342.0,84439450.0,35687433.0,48752017.0,328356503.0,328356503.0,370674163.0,22224.0,4256.0,2580741.0,338263.0,4955206.0,1077336.0,147541.0,19477997.0,561830.0,763555.0,139.0,127.0,6506159.0,3145631.0,9220036.68,91409411.0,96328436.0,93868923.5,328356503.0,-1,-0.6717105869793845,True
3840,619610790.0,91905229.0,16044849.5,75860379.5,527705561.0,527705561.0,549579084.0,207.0,26872.0,1176711.0,0.0,396336.0,584547.0,247512.0,4186381.0,567748.0,3677322.5,311.0,300.0,15064830.0,7001626.0,21480343.16,80294257.0,106669510.0,93481883.5,527705561.0,-1,-0.6715015773839358,True
4348,405527412.0,114981791.0,56125571.5,58856219.5,290545621.0,290545621.0,360964928.0,681.0,0.0,1159656.0,0.0,1985744.0,566644.0,44097.0,7085708.0,24238237.0,10715164.5,144.0,113.0,12002070.0,4285666.0,15683903.64,38414849.0,58931149.0,48672999.0,290545621.0,-1,-0.6697052954770013,True
5604,141035789.0,74211478.0,40674408.0,33537070.0,66824311.0,66824311.0,121619639.0,34977.0,2409635.0,64455.0,1252211.0,1400603.0,282741.0,915325.0,3389025.0,16401823.0,12720567.0,198.0,195.0,10372364.0,5923228.0,15556123.8,15532967.0,10522071.0,13027519.0,66824311.0,-1,-0.667702879114735,True
7645,412439867.0,51928854.0,10432847.5,41496006.5,360511013.0,360511013.0,381394668.0,103901.0,1423793.0,163048.0,0.0,836635.0,159695.0,1961333.0,483616.0,826098.0,368224.5,690.0,599.0,12452287.0,4898647.0,15573595.04,17022237.0,19095868.0,18059052.5,360511013.0,-1,-0.667451243991421,True
534,165002771.7,97454426.0,40607184.5,56847241.5,67545633.0,67545633.0,112583134.0,0.0,0.0,9381068.0,0.0,3207339.0,505044.0,109962.0,782011.0,14317566.0,5390925.5,184.0,169.0,31981338.0,13120724.0,43701162.16,8444656.0,29925176.0,19184916.0,67545633.0,-1,-0.6653687992220427,True
6814,196343222.3,6135463.0,38796700.0,-32661237.0,190216952.0,190216952.0,229631692.0,0.0,0.0,2825813.0,0.0,786010.0,271192.0,23544.0,11495777.0,3057520.0,2102842.0,627.0,601.0,41207274.0,14150495.0,54096113.6,28741424.0,15934413.0,22337918.5,190216952.0,-1,-0.6638418377442193,True
2852,230305821.5,74436192.0,35750687.5,38685504.5,155872283.0,155872283.0,197376992.0,0.0,5355520.0,306525.0,932062.0,6625114.0,161988.0,625509.0,4539000.0,4885994.0,5780170.5,263.0,184.0,7784125.0,2968811.0,10437221.24,60756859.0,90571764.0,75664311.5,155872283.0,-1,-0.6636133934128335,True
8730,357950149.5,35755092.0,20576282.5,15178809.5,322192316.0,322192316.0,352090517.0,6878.0,136860.0,5595629.0,0.0,2715920.0,299112.0,309215.0,2125781.0,7092.0,7086318.5,916.0,884.0,14974541.0,6846287.0,21106249.68,24336583.0,27870940.0,26103761.5,322192316.0,-1,-0.6631859042780444,True
6324,480911934.4,47148667.0,8895339.0,38253328.0,432615559.0,432615559.0,445970052.0,0.0,380291.0,618452.0,501442.0,354253.0,669960.0,46260.0,3698236.0,166314.0,286242.0,424.0,416.0,20474959.0,9019643.0,28356939.2,73765980.0,68873366.0,71319673.0,432615559.0,-1,-0.6621012366204854,True
7270,404031119.0,48900137.0,19169559.5,29730577.5,349231703.0,355130982.0,379907803.0,13288.0,0.0,1667623.0,1217053.0,5372720.0,665859.0,845777.0,723861.0,1289259.0,2590963.5,576.0,536.0,14474174.0,5253728.0,19198390.04,14586087.0,50519213.0,32552650.0,349231703.2,-1,-0.6616463357062818,True
5602,339888352.5,119995906.0,14204161.0,105791745.0,219871560.0,219871560.0,239429052.0,0.0,404439.0,312677.0,0.0,7417620.0,615458.0,81151.0,106966.0,776452.0,3025783.0,189.0,158.0,20266297.0,8104582.0,27403033.64,95004572.0,99826405.0,97415488.5,219871560.0,-1,-0.6602150279983593,True
8050,294212787.3,67673208.33,29488772.83,38184435.5,221994929.0,226539579.0,256179992.3,231.6666667,42171.33333,2296741.667,713951.3333,5206998.667,265363.6667,731886.6667,3455052.0,2166276.667,2723471.5,712.0,677.3333333,20000210.0,7114393.333,26228002.72,42892407.67,60760230.33,51826319.0,221994929.2,-1,-0.6599205881373954,True
9720,294212787.3,67673208.33,29488772.83,38184435.5,221994929.0,226539579.0,256179992.3,231.6666667,42171.33333,2296741.667,713951.3333,5206998.667,265363.6667,731886.6667,3455052.0,2166276.667,2723471.5,712.0,677.3333333,20000210.0,7114393.333,26228002.72,42892407.67,60760230.33,51826319.0,221994929.2,-1,-0.6599205881373954,True
8690,294212787.3,67673208.33,29488772.83,38184435.5,221994929.0,226539579.0,256179992.3,231.6666667,42171.33333,2296741.667,713951.3333,5206998.667,265363.6667,731886.6667,3455052.0,2166276.667,2723471.5,712.0,677.3333333,20000210.0,7114393.333,26228002.72,42892407.67,60760230.33,51826319.0,221994929.2,-1,-0.6599205881373954,True
8820,483881100.3,81235514.67,14278703.33,66956811.33,402645585.7,402645585.7,421258505.0,105972.3333,74838.0,769574.6667,43651.66667,1663685.333,960927.0,294047.3333,5734011.333,314915.3333,2017116.0,161.6666667,158.3333333,7090792.333,3346976.333,9082327.907,70333023.67,69940815.33,70136919.5,402645585.7,-1,-0.6592801567120086,True
4329,483881100.3,81235514.67,14278703.33,66956811.33,402645585.7,402645585.7,421258505.0,105972.3333,74838.0,769574.6667,43651.66667,1663685.333,960927.0,294047.3333,5734011.333,314915.3333,2017116.0,161.6666667,158.3333333,7090792.333,3346976.333,9082327.907,70333023.67,69940815.33,70136919.5,402645585.7,-1,-0.6592801567120086,True
3853,483881100.3,81235514.67,14278703.33,66956811.33,402645585.7,402645585.7,421258505.0,105972.3333,74838.0,769574.6667,43651.66667,1663685.333,960927.0,294047.3333,5734011.333,314915.3333,2017116.0,161.6666667,158.3333333,7090792.333,3346976.333,9082327.907,70333023.67,69940815.33,70136919.5,402645585.7,-1,-0.6592801567120086,True
7298,243706232.7,86545556.0,21821564.5,64723991.5,157163876.0,157163876.0,184637807.0,36742.0,703648.0,3126182.0,0.0,1429184.0,655844.0,866077.0,5946596.0,1349202.0,4054349.5,342.0,316.0,19457130.0,7434861.0,26153039.84,27312354.0,33658578.0,30485466.0,157163876.0,-1,-0.6586034220346194,True
3027,238851493.7,87123757.0,17154389.5,69969367.5,151743335.0,151743335.0,174984669.0,26649.0,338263.0,2246424.0,6639.0,512244.0,718938.0,304793.0,7060968.0,118119.0,3542732.5,321.0,310.0,11407094.0,5406776.0,16332559.52,132317443.0,151877951.0,142097697.0,151743335.0,-1,-0.6581272581925164,True
8684,337010385.0,68668341.0,26987746.5,41680594.5,267250343.0,268342044.0,298157549.0,12440.0,112319.0,3147107.0,771955.0,3438452.0,1670713.0,734941.0,1173549.0,1602590.0,2377695.5,496.0,349.0,15179129.0,6384114.0,21038959.8,15816867.0,44561448.0,30189157.5,267250343.0,-1,-0.6579553483075653,True
4796,309109918.1,62292666.0,23540445.5,38752220.5,246876702.0,246876702.0,274139488.0,0.0,4700406.0,240362.0,1016361.0,1140287.0,1000078.0,250522.0,9783906.0,729695.0,2874866.5,190.0,188.0,3269246.0,1407429.0,4577031.08,71457759.0,93972055.0,82714907.0,246876702.0,-1,-0.6575430187024586,True
3895,345404245.7,62375560.0,22272799.0,40102761.0,283025946.0,283025946.0,309533998.0,0.0,904663.0,1191632.0,0.0,3301387.0,212146.0,251927.0,8710621.0,5734324.0,710210.0,634.0,622.0,15390359.0,5800970.0,20516025.64,44608339.0,52429214.0,48518776.5,283025946.0,-1,-0.6570484390275362,True
7344,267129020.0,93484913.67,39901008.83,53583904.83,173400543.3,173644106.3,201650398.0,6.0,463034.6667,1322692.0,717908.6667,5754954.0,452748.0,1441501.0,6603219.667,1962282.667,1228615.5,544.6666667,445.6666667,13130265.33,5946039.333,18530908.73,47891267.33,54780066.0,51335666.67,173400543.3,-1,-0.6566803993989705,True
3940,267129020.0,93484913.67,39901008.83,53583904.83,173400543.3,173644106.3,201650398.0,6.0,463034.6667,1322692.0,717908.6667,5754954.0,452748.0,1441501.0,6603219.667,1962282.667,1228615.5,544.6666667,445.6666667,13130265.33,5946039.333,18530908.73,47891267.33,54780066.0,51335666.67,173400543.3,-1,-0.6566803993989705,True
9178,267129020.0,93484913.67,39901008.83,53583904.83,173400543.3,173644106.3,201650398.0,6.0,463034.6667,1322692.0,717908.6667,5754954.0,452748.0,1441501.0,6603219.667,1962282.667,1228615.5,544.6666667,445.6666667,13130265.33,5946039.333,18530908.73,47891267.33,54780066.0,51335666.67,173400543.3,-1,-0.6566803993989705,True
6234,305105986.0,92757112.0,10903790.5,81853321.5,212348874.0,212348874.0,227963535.0,3000.0,1317614.0,5740366.0,1.0,321657.0,693071.0,65000.0,105026.0,1160474.0,175967.5,133.0,124.0,21728676.0,7155948.0,28021174.6,58855051.0,96437372.0,77646211.5,212348874.0,-1,-0.6553883013325978,True
3851,472223011.0,51936386.0,11365457.0,40570929.0,420286625.0,420286625.0,434809794.0,726.0,0.0,45381.0,1418730.0,7212546.0,861247.0,221242.0,146707.0,378886.0,0.0,233.0,225.0,4727292.0,2368594.0,6830123.56,117832064.0,117085741.0,117458902.5,420286625.0,-1,-0.6552324375271051,True
6078,103294138.0,53264887.0,43567323.0,9697564.0,50029251.0,50029251.0,84385386.0,0.0,761802.0,4189297.0,790360.0,14586202.0,208054.0,1346744.0,1815876.0,3673070.0,2236361.0,520.0,497.0,12859136.0,5555335.0,16813771.16,24335846.0,29752615.0,27044230.5,50029251.0,-1,-0.6552172799292532,True
7495,387157123.0,86086663.0,28160417.0,57926246.0,301070460.0,301070460.0,330689070.0,0.0,0.0,3641355.0,0.0,1671288.0,471723.0,55176.0,879110.0,13577014.0,573956.0,91.0,71.0,15516294.0,6718374.0,21618174.08,65128248.0,127944910.0,96536579.0,301070460.0,-1,-0.6545034178098258,True
2135,1075727878.0,103629574.0,5514125.5,98115448.5,972107213.0,972107213.0,985397717.0,0.0,0.0,221163.0,0.0,264636.0,279434.0,30415.0,484531.0,0.0,2974920.5,79.0,76.0,2383805.0,1126543.0,3390862.36,86587128.0,52468206.0,69527667.0,972107213.0,-1,-0.653584257469021,True
6562,529245332.0,79278978.0,18225652.0,61053326.0,449966354.0,449966354.0,473904139.0,0.0,0.0,6915199.0,0.0,269022.0,299481.0,8030.0,2552.0,9919829.0,640524.0,27.0,26.0,2854755.0,1231455.0,3956365.04,56121706.0,145501475.0,100811590.5,449966354.0,-1,-0.6528534958323436,True
4350,306617150.9,175558874.0,95784925.0,79773949.0,130989865.0,130989865.0,236339993.0,0.0,0.0,851774.0,0.0,783389.0,215542.0,421.0,15141617.0,74562045.0,2940868.0,115.0,94.0,11323724.0,3638838.0,14454847.12,14339856.0,33700481.0,24020168.5,130989865.0,-1,-0.6528124288766876,True
7388,375678846.0,74712160.0,19265428.5,55446731.5,300966686.0,300966686.0,327631868.0,862.0,44808.0,6143479.0,0.0,3306746.0,243822.0,305775.0,4971868.0,1430.0,2710496.5,751.0,721.0,12741746.0,5812412.0,17905231.36,31874957.0,36799421.0,34337189.0,300966686.0,-1,-0.6527871179174639,True
9139,300731212.0,40120375.0,7692060.5,32428314.5,260610837.0,260610837.0,273506434.0,59754.0,1623525.0,164239.0,1333122.0,88203.0,69834.0,1326091.0,198754.0,250242.0,387847.5,583.0,576.0,10297506.0,4978866.0,14977017.28,6373552.0,9849829.0,8111690.5,260610837.0,-1,-0.6503424190819207,True
5603,327728887.0,54229365.0,18336727.5,35892637.5,273499522.0,273499522.0,299685947.0,37025.0,0.0,764873.0,0.0,4379307.0,527059.0,2017.0,110556.0,897278.0,7743012.5,282.0,263.0,23171489.0,9814348.0,31941266.2,16118367.0,32158897.0,24138632.0,273499522.0,-1,-0.6500764070821974,True
5920,387957935.0,125515841.0,12535555.0,112980286.0,262439348.0,262439348.0,278454390.0,0.0,0.0,3466252.0,0.0,1318320.0,230501.0,83646.0,146688.0,0.0,4278060.0,145.0,125.0,22832408.0,7119044.0,28833084.6,73680326.0,88025217.0,80852771.5,262439348.0,-1,-0.6497998128089757,True
9531,197971753.0,100972032.0,32928912.0,68043120.0,96999721.0,96999721.0,128388509.0,1192.0,151105.0,1567104.0,8544.0,8153990.0,511252.0,1931729.0,287179.0,5113535.0,4667761.0,371.0,251.0,10512376.0,5275388.0,15357365.36,45989779.0,74127461.0,60058620.0,96999721.0,-1,-0.6494982290996854,True
6316,462396270.0,188586051.0,15832643.0,172753408.0,273810219.0,273810219.0,294170794.0,25494.0,99157.0,545960.0,404349.0,2953893.0,434562.0,585090.0,7362580.0,233975.0,1516300.0,218.0,207.0,3345218.0,1170315.0,4357091.96,47360829.0,72489872.0,59925350.5,273810219.0,-1,-0.6483967046632646,True
6380,1209539379.0,85563023.0,3698746.0,81864277.0,1123985222.0,1123985222.0,1128704093.0,0.0,0.0,1195169.0,0.0,171118.0,39168.0,15752.0,702015.0,0.0,561243.0,24.0,19.0,1967865.0,815947.0,2704425.84,6813196.0,154104342.0,80458769.0,1123985222.0,-1,-0.6480391400513439,True
5891,81083010.0,11179475.0,14747989.0,-3568514.0,69903535.0,69903535.0,86063240.0,36.0,98783.0,105456.0,2398.0,11017990.0,8363.0,1269033.0,432316.0,278687.0,880384.0,2229.0,2146.0,37871686.0,13189167.0,49443814.96,3680289.0,4539436.0,4109862.5,69903535.0,-1,-0.6477858332131639,True
9748,674634538.4,48392108.0,9208936.5,39183171.5,609839889.0,626236530.0,636877026.0,0.0,0.0,4278807.0,539912.0,466080.0,592513.0,391212.0,130293.0,27709.0,624163.5,428.0,398.0,7233372.0,2741163.0,9700992.16,43184619.0,44087222.0,43635920.5,609839889.4,-1,-0.6474470823070066,True
6503,202442957.0,92909147.0,45161983.5,47747163.5,109533810.0,109533810.0,166707028.0,0.0,24945.0,2420513.0,0.0,1767367.0,5152224.0,98267.0,1454708.0,28930461.0,4232581.5,152.0,139.0,16169366.0,5800084.0,21412397.56,0.0,31461647.0,15730823.5,109533810.0,-1,-0.6473348073603769,True
5881,575323721.0,82311225.0,9853512.0,72457713.0,478382115.0,493030712.0,509632478.0,0.0,0.0,802030.0,0.0,2820937.0,1328121.0,239199.0,441000.0,1034820.0,971654.0,232.0,224.0,10761768.0,4169937.0,14561708.32,11258173.0,141758448.0,76508310.5,478382115.2,-1,-0.6470274466746739,True
4023,376394065.0,148772954.0,65167911.5,83605042.5,227621111.0,227621111.0,293181158.0,0.0,0.0,657379.0,10730588.0,1429175.0,295694.0,52143.0,44414947.0,0.0,348080.5,36.0,35.0,1323809.0,382753.0,1652212.4,9498229.0,1431190.0,5464709.5,227621111.0,-1,-0.645095322796247,True
8386,247259374.0,49161177.0,18401856.0,30759321.0,198098197.0,198098197.0,214500698.0,91542.0,1080002.0,462311.0,145990.0,1480273.0,143317.0,3173161.0,556274.0,955751.0,1738438.0,851.0,592.0,10424858.0,3390449.0,11755259.28,21135773.0,23731903.0,22433838.0,198098197.0,-1,-0.6447812442674268,True
5634,193689087.1,132505037.0,82470817.5,50034219.5,61110113.0,61110113.0,149255515.0,0.0,371034.0,1841326.0,63774824.0,1310316.0,44235.0,56939.0,130336.0,1846091.0,4888254.5,132.0,114.0,12816681.0,5290417.0,17551517.6,24527350.0,27527779.0,26027564.5,61110113.0,-1,-0.6424581033021015,True
7330,160040933.9,68353236.0,18610077.0,49743159.0,91690362.0,91690362.0,105292643.0,0.0,420748.0,770163.0,696275.0,438902.0,473913.0,1835282.0,1467146.0,823366.0,1313426.0,662.0,651.0,15263969.0,7324063.0,21890508.2,61908177.0,72051478.0,66979827.5,91690362.0,-1,-0.640933295481984,True
8420,305384722.0,50631370.0,12775130.0,37856240.0,241845498.0,254753352.0,272440626.0,221.0,63476.0,463446.0,901695.0,4114572.0,1099236.0,250071.0,1136836.0,386838.0,2849153.0,487.0,474.0,16607300.0,8183219.0,21645637.08,42133491.0,46986882.0,44560186.5,241845498.3,-1,-0.6404882132688187,True
5990,354803156.1,76324364.0,35372929.5,40951434.5,278481427.0,278481427.0,312624387.0,0.0,0.0,973468.0,0.0,225145.0,150175.0,141106.0,5281393.0,7337450.0,6979019.5,478.0,152.0,14745090.0,4472970.0,18677504.16,35638063.0,69389625.0,52513844.0,278481427.0,-1,-0.6403044357179568,True
3888,237104971.9,93617566.0,31194023.5,62423542.5,140927233.0,143515115.0,179814578.0,0.0,2219932.0,2999767.0,0.0,116630.0,335416.0,60088.0,5250029.0,2713889.0,2024519.5,175.0,160.0,16791215.0,8374677.0,24629837.24,46046303.0,52510534.0,49278418.5,140927233.1,-1,-0.6402356748228472,True
8774,204226281.0,43614763.0,9263723.5,34351039.5,160611518.0,160611518.0,175941924.0,9509.0,355610.0,134480.0,57982.0,154336.0,6061.0,1837451.0,3287051.0,101752.0,1168257.5,681.0,662.0,22940622.0,10552676.0,32566324.44,34162658.0,49857028.0,42009843.0,160611518.0,-1,-0.6396060445084906,True
6337,179164217.0,12327941.0,8430811.5,3897129.5,166836276.0,166836276.0,176406898.0,0.0,312958.0,2185461.0,0.0,353718.0,192796.0,814771.0,1674269.0,10552.0,384708.5,718.0,691.0,9925946.0,3814075.0,12289988.24,2432408922.0,3048242.0,1217728582.0,166836276.0,-1,-0.6394472046901671,True
5599,524979017.0,51548077.0,12614297.5,38933779.5,473430940.0,473430940.0,489616403.0,0.0,23880.0,2382407.0,350920.0,786555.0,1261937.0,97748.0,2448687.0,4053224.0,451879.5,212.0,199.0,9387474.0,3782429.0,12797090.36,47028056.0,69904093.0,58466074.5,473430940.0,-1,-0.6394391916163311,True
8603,166118593.5,49239027.0,44200497.5,5038529.5,116873793.0,116873793.0,162334288.0,27.0,5118098.0,2896317.0,0.0,3554512.0,846695.0,1064716.0,25739220.0,162542.0,1939644.5,233.0,230.0,6854250.0,2939795.0,8841096.96,7327115.0,11992872.0,9659993.5,116873793.0,-1,-0.6385290771041435,True
7656,268509227.0,48776386.0,14651168.0,34125218.0,219732841.0,219732841.0,235080677.0,20278.0,837996.0,457995.0,185052.0,2886303.0,36175.0,4066436.0,390708.0,1887715.0,655826.0,710.0,676.0,10453050.0,3789583.0,12944903.12,22389592.0,29466484.0,25928038.0,219732841.0,-1,-0.6380213295317275,True
9215,198825301.0,54003027.0,23376616.0,30626411.0,144822274.0,144822274.0,172372820.0,0.0,121275.0,2589112.0,3821.0,7342070.0,138686.0,972118.0,2446912.0,2392141.0,2730621.0,467.0,442.0,12146184.0,4725330.0,15693666.0,35747474.0,183017799.0,109382636.5,144822274.0,-1,-0.6356283176248404,True
1352,952286485.4,35827915.0,5189515.0,30638400.0,916373682.0,916373682.0,926525067.0,0.0,0.0,2545340.0,0.0,218159.0,58824.0,14493.0,0.0,38400.0,1978747.0,62.0,62.0,11570000.0,3576287.0,14630014.6,25152671.0,50449772.0,37801221.5,916373682.0,-1,-0.6356233310348441,True
572,350654071.0,88315125.0,14271794.5,74043330.5,262338946.0,262338946.0,282330200.0,1351.0,295248.0,214893.0,0.0,3163375.0,696465.0,383416.0,1790111.0,9027.0,1952366.5,828.0,790.0,12966024.0,4581724.0,15754705.16,21432316.0,33791317.0,27611816.5,262338946.0,-1,-0.6355338258081535,True
5658,379035836.1,39622313.0,17361831.0,22260482.0,339436977.0,339436977.0,361164139.0,35391.0,0.0,361738.0,0.0,7457820.0,192509.0,1605079.0,1684406.0,387454.0,3247789.0,425.0,415.0,8171965.0,3119686.0,9780818.88,4722164.0,7404496.0,6063330.0,339436977.0,-1,-0.635250571497558,True
6090,243260666.0,93235282.0,43466701.5,49768580.5,150025384.0,150025384.0,191658167.0,0.0,1463659.0,815072.0,69015.0,9383249.0,459716.0,680160.0,4964415.0,11232543.0,944609.5,172.0,168.0,4998221.0,1875803.0,6679054.24,20189298.0,59613711.0,39901504.5,150025384.0,-1,-0.6351710785222013,True
5492,371631956.8,75709927.0,10930389.0,64779538.0,295912654.0,295912654.0,310326239.0,0.0,8596104.0,0.0,711711.0,374072.0,354787.0,50295.0,172652.0,51139.0,0.0,47.0,46.0,3940711.0,1783622.0,5545888.68,86147737.0,91294699.0,88721218.0,295912654.0,-1,-0.6350467801252174,True
5922,997665443.0,28776163.0,5144828.5,23631334.5,968894763.0,968894763.0,977892897.0,0.0,0.0,3125018.0,73916.0,433318.0,657.0,46431.0,143461.0,39691.0,206820.5,64.0,57.0,5544024.0,2356160.0,7646436.72,29792322.0,109330792.0,69561557.0,968894763.0,-1,-0.6344949128793343,True
4024,640299749.8,73611564.0,6315371.0,67296193.0,566693382.0,566693382.0,581101128.0,3872.0,0.0,292897.0,0.0,196821.0,745968.0,125737.0,18117.0,584881.0,1842323.0,207.0,169.0,14367961.0,5435688.0,19276328.4,19062706.0,15028677.0,17045691.5,566693382.0,-1,-0.6342530394484089,True
8791,184200135.0,49483792.0,29088397.0,20395395.0,134716343.0,134716343.0,164503736.0,0.0,313166.0,3366426.0,0.0,11143050.0,149175.0,1954951.0,1372092.0,3792631.0,1082955.0,565.0,481.0,13229333.0,4932541.0,17738191.4,28354554.0,37960775.0,33157664.5,134716343.0,-1,-0.6335043704406627,True
7560,296315427.9,55164533.0,13896936.5,41267596.5,241145089.0,241145089.0,260313391.0,9553.0,395659.0,322913.0,0.0,1319485.0,192690.0,3010007.0,4462324.0,180555.0,2534547.5,464.0,453.0,11815824.0,4844061.0,16311193.68,45018536.0,62209007.0,53613771.5,241145089.0,-1,-0.6334345834536833,True
6000,249794503.5,82791499.0,25529551.0,57261948.0,165354692.0,166993668.0,192528825.0,192924.0,184803.0,14576818.0,0.0,1282673.0,262854.0,1976328.0,111037.0,536375.0,935458.0,205.0,195.0,7036522.0,3131828.0,9837437.12,18942047.0,24330264.0,21636155.5,165354692.1,-1,-0.6330794211964068,True
2542,238475460.0,35805922.0,14752911.0,21053011.0,202636082.0,202669538.0,220590948.0,19734.0,1062672.0,196508.0,0.0,2520056.0,457707.0,4328116.0,910201.0,640081.0,1255910.0,772.0,762.0,9969845.0,3594616.0,13174123.44,15952687.0,18354367.0,17153527.0,202636082.0,-1,-0.6327803003365573,True
4258,648448966.0,56048306.0,10735633.0,45312673.0,592400660.0,592400660.0,604055329.0,0.0,930318.0,774921.0,87624.0,62487.0,294811.0,29390.0,4969797.0,0.0,376115.0,65.0,61.0,5079204.0,2022198.0,6920193.56,84913760.0,36650446.0,60782103.0,592400660.0,-1,-0.632677406996696,True
4800,357344150.0,46086191.0,15481639.5,30604551.5,308726097.0,311257959.0,331067065.0,5122.0,0.0,999603.0,723207.0,3071237.0,283320.0,197163.0,713604.0,5999027.0,1557787.5,203.0,185.0,7128614.0,2581879.0,9382229.12,67011688.0,212424796.0,139718242.0,308726097.0,-1,-0.6301465250861331,True
8973,105191439.0,57190138.0,23257622.5,33932515.5,48001301.0,48001301.0,76125613.0,44.0,1819168.0,1019998.0,1272633.0,8902235.0,297386.0,1504834.0,1230008.0,1873819.0,2847425.5,378.0,373.0,8762538.0,3579840.0,11991905.64,21981494.0,30203526.0,26092510.0,48001301.0,-1,-0.6300601126468469,True
1041,512865032.0,63515144.0,14535377.5,48979766.5,449349888.0,449349888.0,462827893.0,0.0,148865.0,5666713.0,0.0,448885.0,376867.0,366043.0,1835477.0,265.0,901645.5,389.0,293.0,9540848.0,4017569.0,13043642.2,30362447.0,44321525.0,37341986.0,449349888.0,-1,-0.6298136457980278,True
5613,414916386.7,57953711.67,18647008.33,39306703.33,355445515.3,356962675.0,379568446.7,2080.0,46077.33333,630145.6667,884336.0,5791505.0,292428.0,606112.6667,938341.0,4147576.667,958096.3333,280.0,272.0,9332772.333,3422467.667,12256529.56,39224745.67,57917030.67,48570888.17,355445515.4,-1,-0.6297121917970585,True
5311,414916386.7,57953711.67,18647008.33,39306703.33,355445515.3,356962675.0,379568446.7,2080.0,46077.33333,630145.6667,884336.0,5791505.0,292428.0,606112.6667,938341.0,4147576.667,958096.3333,280.0,272.0,9332772.333,3422467.667,12256529.56,39224745.67,57917030.67,48570888.17,355445515.4,-1,-0.6297121917970585,True
1858,414916386.7,57953711.67,18647008.33,39306703.33,355445515.3,356962675.0,379568446.7,2080.0,46077.33333,630145.6667,884336.0,5791505.0,292428.0,606112.6667,938341.0,4147576.667,958096.3333,280.0,272.0,9332772.333,3422467.667,12256529.56,39224745.67,57917030.67,48570888.17,355445515.4,-1,-0.6297121917970585,True
7997,698006514.0,20641607.0,13062350.0,7579257.0,677364907.0,677364907.0,696608067.0,0.0,0.0,266644.0,152419.0,115223.0,347321.0,28554.0,1949704.0,28312.0,7911900.0,16.0,16.0,961726.0,399810.0,1329839.44,52506963.0,92174531.0,72340747.0,677364907.0,-1,-0.6296390607296335,True
8772,243737963.0,82435612.0,22047982.0,60387630.0,160865105.0,161302351.0,187856149.0,0.0,12236.0,2380074.0,30348.0,5108961.0,574556.0,511085.0,5527605.0,1525521.0,1380191.0,423.0,362.0,17293637.0,6904914.0,23392949.88,34704216.0,43632654.0,39168435.0,160865105.0,-1,-0.629501719195106,True
3811,194549830.0,54740190.0,21100763.0,33639427.0,139809640.0,139809640.0,166190333.0,15899.0,484528.0,1372027.0,4287092.0,110624.0,397864.0,383577.0,3191831.0,656496.0,6064706.0,291.0,208.0,10789395.0,5995492.0,16344827.24,28779253.0,43817422.0,36298337.5,139809640.0,-1,-0.6293400569585862,True
8273,306654475.0,68773360.0,16696184.0,52077176.0,237881115.0,237881115.0,258395350.0,0.0,97229.0,3458836.0,0.0,4335527.0,259938.0,301295.0,5368169.0,0.0,1221582.0,755.0,726.0,10621598.0,4822338.0,14866845.56,25347851.0,33821936.0,29584893.5,237881115.0,-1,-0.6290900012022174,True
5367,522964429.8,55859401.0,9702724.5,46156676.5,467147157.0,467147157.0,480332187.0,0.0,0.0,596470.0,0.0,927313.0,283061.0,65112.0,3895.0,5682476.0,655333.5,181.0,155.0,14941673.0,5503144.0,19876968.04,42722364.0,86051629.0,64386996.5,467147157.0,-1,-0.6290761206246688,True
3978,233785391.7,46067916.0,1876187.0,44191729.0,187718000.0,187718000.0,194303446.0,0.0,0.0,70970.0,0.0,0.0,105757.0,664418.0,254103.0,0.0,297676.0,1209.0,1189.0,26787332.0,10243428.0,35895130.2,8462791.0,51172703.0,29817747.0,187718000.0,-1,-0.6279461732518167,True
3683,356890799.5,49518734.0,15062649.0,34456085.0,307213009.0,307930541.0,321173491.0,189.0,55873.0,2403052.0,0.0,1120564.0,1468492.0,200933.0,79015.0,2200205.0,713245.0,117.0,98.0,7924133.0,3293913.0,10889575.16,81540336.0,192809569.0,137174952.5,307213009.0,-1,-0.6272507845057772,True
7551,260444763.0,46997906.0,15474117.0,31523789.0,213446857.0,213446857.0,227606400.0,0.0,1205247.0,457493.0,0.0,451263.0,42719.0,3985085.0,311204.0,654772.0,870617.0,687.0,676.0,13177705.0,5166849.0,15226594.84,14417760.0,17555191.0,15986475.5,213446857.0,-1,-0.6265534069515658,True
6039,306001490.0,86514865.0,13190297.5,73324567.5,219486625.0,219486625.0,238302061.0,0.0,0.0,3378127.0,0.0,608324.0,1135512.0,1.0,2462796.0,1021302.0,90929.5,284.0,261.0,20498025.0,9269253.0,29109684.56,13115221.0,17109451.0,15112336.0,219486625.0,-1,-0.6262329864270116,True
8797,135946606.9,52758203.0,25549040.5,27209162.5,83225636.0,83225636.0,112259002.0,0.0,476030.0,853999.0,230869.0,12933677.0,44892.0,1798552.0,1235486.0,3018576.0,1505799.5,643.0,636.0,11878999.0,4224949.0,14063230.48,25841517.0,25925741.0,25883629.0,83225636.0,-1,-0.6248312404565984,True
4246,176418612.7,67460203.0,27946666.0,39513537.0,108958409.7,108958409.7,139230152.0,0.0,0.0,2606383.0,0.0,10183098.0,191652.3333,1557334.333,2835507.333,3585193.667,2068262.333,440.0,389.0,13648415.67,5663310.333,18610549.73,26092671.0,30374977.67,28233824.33,108958409.7,-1,-0.6246983811555124,True
3558,176418612.7,67460203.0,27946666.0,39513537.0,108958409.7,108958409.7,139230152.0,0.0,0.0,2606383.0,0.0,10183098.0,191652.3333,1557334.333,2835507.333,3585193.667,2068262.333,440.0,389.0,13648415.67,5663310.333,18610549.73,26092671.0,30374977.67,28233824.33,108958409.7,-1,-0.6246983811555124,True
8835,176418612.7,67460203.0,27946666.0,39513537.0,108958409.7,108958409.7,139230152.0,0.0,0.0,2606383.0,0.0,10183098.0,191652.3333,1557334.333,2835507.333,3585193.667,2068262.333,440.0,389.0,13648415.67,5663310.333,18610549.73,26092671.0,30374977.67,28233824.33,108958409.7,-1,-0.6246983811555124,True
6443,253744725.0,74705302.0,11660472.5,63044829.5,179039423.0,179039423.0,192571651.0,0.0,0.0,2031643.0,0.0,1096807.0,46326.0,14969.0,64602.0,1825797.0,1275194.5,74.0,69.0,22007306.0,16521471.0,33488777.0,55414425.0,118660744.0,87037584.5,179039423.0,-1,-0.6246682336328316,True
5054,200667548.0,74526995.0,37016583.5,37510411.5,126140553.0,126140553.0,162635663.0,89.0,844455.0,4959925.0,4757028.0,5061496.0,119107.0,1345203.0,820761.0,446965.0,1789458.5,203.0,158.0,3603489.0,1506365.0,4983854.12,17550763.0,15281734.0,16416248.5,126140553.0,-1,-0.6245415126799728,True
2986,202061693.6,43355682.0,15367191.0,27988491.0,158750073.0,158750073.0,177979945.0,0.0,115623.0,252904.0,1673386.0,5570407.0,22833.0,2070043.0,368939.0,1525866.0,1871574.0,547.0,529.0,10315815.0,3863556.0,13756574.76,37277239.0,54179215.0,45728227.0,158750073.0,-1,-0.6241182033233929,True
5628,280812929.0,74406265.0,24808901.5,49597363.5,206406664.0,206406664.0,234538618.0,0.0,38143.0,1303994.0,0.0,2261408.0,479660.0,152522.0,9306743.0,3338618.0,2677610.5,215.0,199.0,13384306.0,6773931.0,19591774.52,46926305.0,68835958.0,57881131.5,206406664.0,-1,-0.6240634163428487,True
5162,166392676.1,71509855.0,19416190.0,52093665.0,69100148.0,94888180.0,115822525.0,22674.0,127842.0,394395.0,1892667.0,1191019.0,539594.0,175493.0,2049092.0,941589.0,4962318.0,313.0,234.0,15308395.0,4965521.0,20034107.12,33063978.0,49206107.0,41135042.5,69100148.63,-1,-0.6239344083311541,True
5903,432066000.0,64303000.0,12701064.5,51601935.5,367763000.0,367763000.0,382649796.0,0.0,0.0,458380.0,0.0,2350000.0,611011.0,150200.0,6697961.0,1871000.0,118731.5,27.0,26.0,3098073.0,934889.0,3933516.48,13234012.0,182372000.0,97803006.0,367763000.0,-1,-0.6236472066595727,True
8743,315628283.7,61409479.0,14330769.5,47078709.5,254197968.0,254197968.0,269056101.0,16.0,15377.0,580391.0,5875680.0,212254.0,35526.0,67487.0,3116216.0,817705.0,1080155.5,169.0,165.0,15546045.0,4846694.0,19952004.0,36642861.0,78081010.0,57361935.5,254197968.0,-1,-0.6223816430031007,True
3554,470092149.5,61162392.0,15863548.5,45298843.5,409026478.0,409026478.0,425955153.0,762.0,0.0,526704.0,4769544.0,986135.0,119948.0,138150.0,895520.0,2379669.0,745459.5,217.0,34.0,2547982.0,853854.0,3298690.32,26660468.0,70449194.0,48554831.0,409026478.0,-1,-0.6217574871192441,True
4345,156652310.9,43049886.0,13094014.0,29955872.0,113596407.0,113596407.0,129875796.0,8000.0,0.0,438594.0,0.0,3002892.0,2335073.0,34816.0,0.0,1498770.0,3037228.0,293.0,255.0,31833619.0,12140333.0,42775375.2,1621283.0,14892377.0,8256830.0,113596407.0,-1,-0.6211220868094717,True
8388,364691650.0,49798718.0,14810877.5,34987840.5,314892932.0,314892932.0,335929506.0,347.0,708611.0,1253677.0,0.0,1671455.0,302567.0,2992991.0,2267812.0,24110.0,3192139.5,312.0,307.0,8622623.0,3315436.0,10306868.96,31130779.0,23446689.0,27288734.0,314892932.0,-1,-0.6207450950403002,True
4799,328132590.1,99692392.0,6201606.0,93490786.0,228419413.0,228419413.0,237959624.0,17683.0,0.0,567369.0,0.0,1439943.0,71680.0,223115.0,1819188.0,954506.0,554767.0,236.0,222.0,13614243.0,4810286.0,18007248.28,22785132.0,220433660.0,121609396.0,228419413.0,-1,-0.6198214038614845,True
6143,242510116.3,60671354.0,19571725.0,41099629.0,181836038.0,181836038.0,204982058.0,0.0,0.0,4505786.0,0.0,4279191.0,64699.0,18210.0,469691.0,4973480.0,0.0,106.0,77.0,9756758.0,3923460.0,13282691.24,138874480.0,112882853.0,125878666.5,181836038.0,-1,-0.6197524521926426,True
671,375256947.0,64752449.0,16875886.0,47876563.0,310523917.0,310523917.0,331182985.0,492.0,2.0,366273.0,1502.0,1978362.0,65887.0,688359.0,4962726.0,37284.0,3153735.0,425.0,410.0,8436620.0,3360031.0,9472925.52,29557970.0,83897366.0,56727668.0,310523917.0,-1,-0.6186112498295567,True
9743,138797625.0,38219932.0,12250210.5,25969721.5,100577693.0,100577693.0,115909566.0,13021.0,0.0,1014751.0,0.0,813084.0,842506.0,330618.0,2370627.0,2338410.0,1713113.5,593.0,582.0,19616311.0,7603515.0,26611124.48,42485673.0,56683629.0,49584651.0,100577693.0,-1,-0.6183929408770635,True
4309,228656037.2,100724415.0,55839500.0,44884915.0,127951342.0,127951342.0,187137496.0,0.0,0.0,15318246.0,0.0,1905273.0,79285.0,26501.0,6031393.0,11507221.0,1126134.0,43.0,42.0,5682997.0,2434796.0,7879933.08,28147872.0,43374915.0,35761393.5,127951342.0,-1,-0.6169630081553641,True
7432,197779603.0,66506706.0,25833313.5,40673392.5,131272897.0,131272897.0,160573500.0,0.0,2281232.0,4840234.0,0.0,478182.0,420598.0,2970.0,4934283.0,7684168.0,1938694.5,115.0,86.0,10165343.0,4354940.0,13987029.4,26496858.0,31485395.0,28991126.5,131272897.0,-1,-0.6168633198202397,True
3018,246154152.5,95451563.0,50350393.5,45101169.5,150770177.0,150770177.0,206341334.0,0.0,78843.0,519913.0,0.0,193199.0,280342.0,31160.0,6784335.0,40290632.0,921148.5,202.0,151.0,8255668.0,3021437.0,11001209.48,39278092.0,75066465.0,57172278.5,150770177.0,-1,-0.6165067644590402,True
5055,189041367.0,70252857.0,39747610.5,30505246.5,118788510.0,118788510.0,152720760.0,0.0,807267.0,4152700.0,4706996.0,4596920.0,95697.0,1526016.0,895648.0,404448.0,1530171.5,193.0,142.0,3416870.0,1421249.0,4718889.8,15169471.0,16494010.0,15831740.5,118788510.0,-1,-0.6160151859559334,True
4382,426704252.0,45253149.0,8808462.5,36444686.5,381451103.0,381451103.0,392901413.0,0.0,551271.0,262294.0,1390064.0,92707.0,1611664.0,11953.0,4302900.0,18641.0,412710.5,43.0,42.0,3582894.0,1150966.0,4634240.16,24380404.0,26966791.0,25673597.5,381451103.0,-1,-0.6158552441898919,True
7572,178469311.4,75858757.0,49958962.5,25899794.5,102679119.0,102679119.0,153196450.0,0.0,0.0,6928583.0,0.0,795349.0,24093.0,85273.0,4017421.0,29931610.0,370414.5,91.0,69.0,10718457.0,6796310.0,17133880.72,15603698.0,44485025.0,30044361.5,102679119.0,-1,-0.6157026440248012,True
3769,249084565.2,63203249.0,14683964.5,48519284.5,185919321.0,185947213.0,205218284.0,111.0,44441.0,193874.0,1540364.0,2363143.0,521551.0,299269.0,5226058.0,1887158.0,1385471.5,387.0,371.0,13984108.0,5979877.0,19395191.64,17120958.0,33100485.0,25110721.5,185919321.0,-1,-0.6154640610434631,True
4719,166196157.0,84780085.0,34915767.0,49864318.0,81416072.0,81416072.0,104888195.0,0.0,0.0,842127.0,0.0,1524701.0,427942.0,1144427.0,517434.0,5647604.0,2071136.0,510.0,498.0,16975509.0,5877376.0,22166103.56,20717869.0,21522265.0,21120067.0,81416072.0,-1,-0.6151475151806644,True
7663,137804846.9,47688590.0,17218121.0,30470469.0,90297533.0,90297533.0,109644082.0,1182.0,531176.0,1053686.0,0.0,7294923.0,203428.0,2794280.0,512800.0,1762370.0,536254.0,638.0,627.0,12865874.0,5678351.0,14879243.44,14618440.0,14825036.0,14721738.0,90297533.0,-1,-0.6146110546599063,True
6981,274725545.0,45137672.0,12370097.0,32767575.0,229587873.0,229587873.0,247302655.0,556.0,59811.0,794198.0,0.0,2443643.0,1005159.0,375849.0,1422021.0,377079.0,3352639.0,526.0,509.0,14355156.0,4609110.0,17004017.6,45986148.0,41697915.0,43842031.5,229587873.0,-1,-0.614021144710085,True
4079,205896455.0,90150546.0,13311018.0,76839528.0,115745909.0,115745909.0,132918199.0,0.0,414169.0,2107985.0,76320.0,6363.0,338686.0,642392.0,2949722.0,669134.0,2635723.0,298.0,278.0,18441020.0,7747400.0,25353660.52,33618572.0,41877941.0,37748256.5,115745909.0,-1,-0.613084562996312,True
369,329486190.0,51633564.0,9185174.0,42448390.0,277852626.0,277852626.0,289326528.0,577.0,0.0,405342.0,0.0,567737.0,587059.0,424513.0,750297.0,484528.0,1538233.0,306.0,288.0,9605154.0,4156682.0,12584733.68,102583448.0,153068069.0,127825758.5,277852626.0,-1,-0.6125780660205086,True
8683,464131947.0,96674370.0,6829850.0,89844520.0,367372179.0,367457577.0,378314450.0,0.0,0.0,1921342.0,0.0,428675.0,254623.0,309171.0,607421.0,1678231.0,0.0,255.0,246.0,11413434.0,6141219.0,17151152.4,11139464.0,20497996.0,15818730.0,367372179.0,-1,-0.6125664620642423,True
4187,188188995.2,102444572.0,29601088.0,72843484.0,85741707.0,85741707.0,120903604.0,0.0,0.0,1063410.0,0.0,356085.0,381371.0,36249.0,1656700.0,15683720.0,5591784.0,150.0,144.0,14777250.0,4918147.0,19222327.76,27158830.0,42221046.0,34689938.0,85741707.0,-1,-0.6120586777226431,True
5053,219918857.0,146674776.0,77772126.5,68902649.5,73211588.0,73211588.0,158238960.0,0.0,0.0,7320331.0,0.0,264785.0,89293.0,18414.0,3498012.0,36517833.0,655753.5,49.0,41.0,5704685.0,1824894.0,7318531.44,16723894.0,19087928.0,17905911.0,73211588.0,-1,-0.6118928155820784,True
3924,317450792.0,16529013.0,16097458.5,431554.5,267820383.0,300921779.0,322646434.0,0.0,0.0,1155345.0,0.0,899946.0,170799.0,73412.0,898777.0,10566133.0,1157717.5,132.0,126.0,20435122.0,7173128.0,26727642.76,38613169.0,59683193.0,49148181.0,267820383.7,-1,-0.6112630157796016,True
7592,225920898.0,32906333.0,12626038.0,20280295.0,193014565.0,193014565.0,208315734.0,4938.0,700661.0,530922.0,56358.0,2577436.0,139000.0,3208645.0,597132.0,845014.0,1782978.0,609.0,601.0,11120343.0,4378408.0,13120134.88,18715422.0,24853936.0,21784679.0,193014565.0,-1,-0.6110371323968882,True
2284,1319569467.0,29273740.0,4193246.0,25080494.0,1290277292.0,1290277292.0,1300420638.0,0.0,0.0,1124604.0,0.0,219494.0,189097.0,12053.0,1860872.0,5722.0,409029.0,25.0,24.0,953067.0,415385.0,1324685.84,20620500.0,8976815.0,14798657.5,1290277292.0,-1,-0.6110325355597149,True
321,318773006.1,59139147.0,17310589.5,41828557.5,259653394.0,259653394.0,281457585.0,2088.0,0.0,9120325.0,0.0,420030.0,545610.0,57837.0,1380660.0,1803778.0,3108519.5,140.0,136.0,11383145.0,4480289.0,15410811.52,27538112.0,40301114.0,33919613.0,259653394.0,-1,-0.6104623873812031,True
4838,206560277.0,76318362.0,23992209.0,52326153.0,130241915.0,130241915.0,155999504.0,0.0,36451.0,7099174.0,0.0,1373358.0,138405.0,26655.0,1936741.0,3139140.0,2706233.0,156.0,137.0,14283619.0,8651462.0,21930176.64,40081909.0,53173312.0,46627610.5,130241915.0,-1,-0.610029088180267,True
6944,232232462.0,31008533.0,12072316.0,18936217.0,201223929.0,201223929.0,217040932.0,5015.0,701421.0,230000.0,0.0,3010000.0,192300.0,3470000.0,290580.0,835000.0,1200000.0,574.0,556.0,10783779.0,4672498.0,12647557.04,19128776.0,24111202.0,21619989.0,201223929.0,-1,-0.6094195943007271,True
4099,465830192.0,23979682.0,8597636.0,15382046.0,441578652.0,441850510.0,456700686.0,0.0,134941.0,370087.0,532929.0,750382.0,622568.0,388614.0,114768.0,311749.0,2978988.0,200.0,193.0,4376443.0,1899567.0,5148862.0,53074438.0,63234247.0,58154342.5,441578652.0,-1,-0.6087309668075156,True
8572,277677786.3,81223231.0,55772054.0,25451177.0,196460218.0,196460218.0,250593719.0,6383.0,0.0,293574.0,0.0,1172096.0,366434.0,24047.0,9104421.0,38200149.0,778092.0,186.0,44.0,1432746.0,574283.0,1697584.04,4801829.0,22040522.0,13421175.5,196460218.0,-1,-0.6085348193792139,True
8945,363499007.0,40705649.0,10869275.0,29836374.0,320528766.0,322793358.0,338531375.0,8700.0,0.0,2274524.0,7135.0,4967167.0,197289.0,483838.0,14019.0,773077.0,366843.0,279.0,266.0,11078335.0,4803073.0,15480817.36,46229599.0,45061872.0,45645735.5,320528766.0,-1,-0.6082937889533094,True
4378,91551969.55,29623076.0,23961277.0,5661799.0,61863612.0,61863612.0,89882526.0,98757.0,0.0,1514044.0,0.0,1328257.0,339939.0,636561.0,14228321.0,150964.0,3794333.0,394.0,362.0,7524249.0,3106963.0,9169027.24,404161.0,3830935.0,2117548.0,61863612.0,-1,-0.6059760444748015,True
5606,166895176.0,114732109.0,61189740.0,53542369.0,52163067.0,52163067.0,114177000.0,0.0,54181.0,1960394.0,0.0,1108387.0,330940.0,66698.0,7616648.0,32907863.0,2419152.0,78.0,70.0,5490050.0,2968720.0,8193870.88,16705600.0,24133778.0,20419689.0,52163067.0,-1,-0.6053223162109792,True
3788,225663557.0,81581960.0,27775270.5,53806689.5,144081597.0,144081597.0,169704801.0,447.0,70184.0,634225.0,0.0,411094.0,720299.0,99273.0,3233626.0,14304617.0,1800729.5,400.0,242.0,9068055.0,4005063.0,12238678.32,24529731.0,59764649.0,42147190.0,144081597.0,-1,-0.6037806540325287,True
6179,308215845.9,33692280.0,17978625.0,15713655.0,274529221.0,274529221.0,289256853.0,4448.0,0.0,1828591.0,0.0,243190.0,299652.0,1263710.0,3930806.0,12000.0,1245898.0,766.0,450.0,6586173.0,2936825.0,9262820.92,3623454.0,4102216.0,3862835.0,274529221.0,-1,-0.6037212159382748,True
7343,245916688.0,26673864.0,11774866.5,14898997.5,219242824.0,219242824.0,234575933.0,75.0,0.0,483772.0,2888405.0,2019250.0,285312.0,449224.0,3207629.0,146521.0,597696.5,544.0,519.0,9585518.0,3929117.0,13302322.68,36023478.0,33389314.0,34706396.0,219242824.0,-1,-0.6036145354876814,True
4163,181547071.5,42619190.0,12312584.0,30306606.0,135701538.0,138947698.0,153449412.0,35.0,381622.0,2280938.0,4576623.0,2349674.0,539834.0,2688.0,0.0,3273.0,958998.0,92.0,86.0,12969687.0,5010336.0,17429787.72,51292963.0,53083536.0,52188249.5,135701538.1,-1,-0.6032660668851916,True
4162,235792989.3,68184899.0,7122205.5,61062693.5,164263595.0,167520673.0,178342589.0,4116.0,0.0,163751.0,0.0,2551342.0,290703.0,584588.0,953019.0,122460.0,1556855.5,352.0,341.0,14836413.0,6795813.0,21126756.48,56248718.0,80134667.0,68191692.5,164263595.0,-1,-0.6029533807596337,True
5642,284233839.0,27910231.0,15973839.0,11936392.0,256323608.0,256323608.0,275830486.0,0.0,0.0,4283138.0,0.0,193935.0,4283138.0,6201.0,11794.0,6363980.0,676890.0,15.0,15.0,1310441.0,533833.0,1776927.28,33927705.0,72674211.0,53300958.0,256323608.0,-1,-0.6025500679070422,True
6018,264532618.8,99219491.0,75411102.0,23808389.0,165380450.0,165380450.0,242918646.0,0.0,0.0,1442629.0,0.0,632154.0,12027.0,19345.0,696737.0,71674569.0,402672.0,34.0,33.0,7324245.0,4232456.0,11277901.8,21631249.0,40244239.0,30937744.0,165380450.0,-1,-0.602218314795911,True
7320,260060869.0,26683431.0,6723971.5,19959459.5,233377438.0,233377438.0,240918768.0,49568.0,1094455.0,182974.0,0.0,185880.0,143413.0,1335675.0,358523.0,528425.0,249847.5,454.0,404.0,8955027.0,3527309.0,12102198.88,12386621.0,14352924.0,13369772.5,233377438.0,-1,-0.6020127933665198,True
7628,235341565.0,13338072.0,8214430.0,5123642.0,222003493.0,222003493.0,232462538.0,18250.0,0.0,510431.0,0.0,1549543.0,65797.0,2381239.0,326911.0,997464.0,1034440.0,607.0,586.0,11449477.0,4699210.0,15623687.8,18819879.0,20092226.0,19456052.5,222003493.0,-1,-0.6018482633193956,True
4868,234874868.0,68274405.0,25695590.0,42578815.0,166600463.0,166600463.0,194230763.0,0.0,127865.0,8702342.0,0.0,2270774.0,190927.0,303791.0,2822340.0,146206.0,3320964.0,151.0,105.0,13252550.0,4205621.0,16833822.16,40166356.0,39877766.0,40022061.0,166600463.0,-1,-0.6018129493540298,True
464,120161728.0,59542961.0,32569574.0,26973387.0,60618767.0,60618767.0,92245468.0,0.0,0.0,325085.0,1757411.0,8156754.0,238545.0,369720.0,1555537.0,4716448.0,5938184.0,326.0,176.0,5698881.0,2409436.0,7886733.96,25469942.0,34406406.0,29938174.0,60618767.0,-1,-0.6015792816884706,True
3873,323410145.0,29430677.0,11328636.5,18102040.5,293979468.0,293979468.0,307401166.0,0.0,0.0,2496243.0,0.0,285665.0,84396.0,211980.0,82042.0,2532487.0,2254207.5,217.0,199.0,15440371.0,9689433.0,24253244.04,26964511.0,30876440.0,28920475.5,293979468.0,-1,-0.6008242354760259,True
5244,372511481.2,37960491.0,16828623.5,21131867.5,334604260.0,334604260.0,349438282.0,69.0,0.0,1275204.0,0.0,3321868.0,354521.0,1931161.0,1072732.0,201482.0,1405122.5,411.0,355.0,7636686.0,2701990.0,10115535.8,5975427.0,13587624.0,9781525.5,334604260.0,-1,-0.6006530071666241,True
6962,423742314.0,56765763.0,6477307.0,50288456.0,366976551.0,366976551.0,376206001.0,0.0,535087.0,92308.0,1133484.0,41975.0,93402.0,127374.0,3680088.0,69615.0,70176.0,190.0,185.0,4959936.0,2027810.0,5901111.96,31194478.0,38839392.0,35016935.0,366976551.0,-1,-0.6004777354166796,True
475,272691791.0,46668223.0,15840377.0,30827846.0,226023568.0,226023568.0,247250502.0,0.0,0.0,3292308.0,0.0,34519.0,3540021.0,32515.0,1566140.0,2066280.0,3000471.0,161.0,145.0,11040906.0,3840151.0,14475994.84,21194380.0,31011633.0,26103006.5,226023568.0,-1,-0.6003714323673429,True
1440,170219518.4,64015839.0,26369232.5,37646606.5,106248543.0,106248543.0,133559251.0,0.0,0.0,727214.0,0.0,14709048.0,965247.0,861858.0,1400913.0,1826757.0,1881439.5,415.0,339.0,7252756.0,3015192.0,10016374.4,31073983.0,27256720.0,29165351.5,106248543.0,-1,-0.600194756125499,True
8236,78421351.72,32634206.0,13442706.5,19191499.5,45732892.0,45732892.0,61799937.0,14501.0,0.0,841780.0,0.0,6353760.0,281869.0,413429.0,189292.0,1957448.0,1998348.5,932.0,896.0,14274225.0,5778442.0,16877309.96,15550929.0,17849472.0,16700200.5,45732892.0,-1,-0.599643895607257,True
4318,375302137.0,36239774.0,7315849.5,28923924.5,339071498.0,339071498.0,350113338.0,0.0,0.0,189147.0,0.0,254391.0,34813.0,551262.0,2890762.0,9864.0,1314423.5,179.0,172.0,4715106.0,2188391.0,6694656.92,156512406.0,121354331.0,138933368.5,339071498.0,-1,-0.5993162822693335,True
4784,165503811.2,61374605.0,14375323.0,46999282.0,104071788.0,104071788.0,120956505.0,0.0,580186.0,895988.0,0.0,3308087.0,230625.0,1121041.0,1917742.0,2959868.0,142206.0,444.0,430.0,13931144.0,5961730.0,19408320.4,30358904.0,27893534.0,29126219.0,104071788.0,-1,-0.5992090457404207,True
8249,220946424.1,33404772.0,19360658.0,14044114.0,187544307.0,187544307.0,205271774.0,0.0,403150.0,3075776.0,273454.0,2984660.0,436583.0,857600.0,4213125.0,55106.0,1504918.0,356.0,285.0,8686404.0,3412559.0,10862701.6,65521228.0,16437071.0,40979149.5,187544307.0,-1,-0.5986185463833513,True
4498,392456465.3,50989493.0,6175030.5,44814462.5,341482291.0,341482291.0,351436936.0,0.0,268.0,1626123.0,40134.0,517393.0,230.0,121458.0,33214.0,0.0,1768276.5,187.0,174.0,13351970.0,6067075.0,18933899.12,38228355.0,56408782.0,47318568.5,341482291.0,-1,-0.5985667308117807,True
9608,222322630.1,42965302.0,10827455.5,32137846.5,179361706.0,179361706.0,191534959.0,4339.0,635535.0,327434.0,76877.0,4927137.0,272811.0,1754629.0,189182.0,296326.0,644464.5,572.0,565.0,9566172.0,3430429.0,11929572.8,9160935.0,12493900.0,10827417.5,179361706.0,-1,-0.5983453338235833,True
3824,168571778.9,83233191.0,13328794.5,69904396.5,85358431.0,85358431.0,104343733.0,0.0,1691.0,3892998.0,0.0,1574520.0,614631.0,56204.0,545556.0,435966.0,4891449.5,111.0,103.0,18449939.0,6615874.0,24272441.32,18256081.0,16301003.0,17278542.0,85358431.0,-1,-0.5962975615916926,True
9054,170912009.0,29797797.0,22756519.5,7041277.5,141114212.0,141114212.0,166325425.0,512.0,94536.0,4051312.0,644547.0,3728460.0,283019.0,54619.0,10393762.0,1779552.0,782386.5,252.0,245.0,8883514.0,3495013.0,12052195.16,39687097.0,35803080.0,37745088.5,141114212.0,-1,-0.5960365340351576,True
9078,279342054.1,59288585.0,19811171.0,39477414.0,220118023.0,220118023.0,245126490.0,200.0,0.0,444427.0,376105.0,2976291.0,207345.0,48647.0,9453271.0,3212686.0,2372072.0,109.0,104.0,6941456.0,2995304.0,9732606.2,31787314.0,62110480.0,46948897.0,220118023.0,-1,-0.5957047690308039,True
6422,254408606.3,68981729.0,12936620.0,56045109.0,144766040.0,185432206.0,200310349.0,0.0,0.0,2861857.0,0.0,1321046.0,213525.0,22468.0,4251519.0,0.0,1065508.0,172.0,166.0,25024232.0,7504377.0,31490546.96,23851671.0,38967937.0,31409804.0,144766041.3,-1,-0.5955164065309758,True
4211,226196939.7,57094742.0,13684954.0,43409788.0,169085753.0,169085753.0,187196846.0,0.0,953819.0,877642.0,0.0,490176.0,0.0,5644.0,7913011.0,1666.0,2705989.0,37.0,32.0,4278319.0,1968925.0,5967878.16,104878468.0,79729794.0,92304131.0,169085753.0,-1,-0.5955074009585721,True
6937,253329241.0,41320827.0,14379691.5,26941135.5,212008414.0,212008414.0,228853590.0,502.0,88875.0,43557.0,0.0,1738064.0,687171.0,129698.0,9656673.0,527685.0,462682.5,281.0,272.0,8205853.0,3851396.0,10791082.12,64280691.0,77090241.0,70685466.0,212008414.0,-1,-0.5952936600892782,True
8116,216309562.0,32731580.0,22401287.5,10330292.5,183577982.0,183577982.0,200908365.0,8137.0,427270.0,175615.0,16263.0,6059094.0,82865.0,3473676.0,368488.0,639149.0,379126.5,697.0,294.0,5297361.0,1897379.0,7041821.28,11033277.0,25527763.0,18280520.0,183577982.0,-1,-0.5945452144197755,True
5051,185799133.8,53199232.0,23779390.5,29419841.5,132615063.0,132615063.0,157364671.0,4.0,0.0,3883053.0,1184058.0,1102748.0,179086.0,56480.0,1659599.0,4451555.0,2225777.5,207.0,109.0,8563981.0,4328555.0,12326259.2,53300354.0,70188719.0,61744536.5,132615063.0,-1,-0.5942880800823777,True
3878,127310763.0,51225026.0,10596241.5,40628784.5,75880162.0,76085737.0,91025853.0,4200.0,0.0,1016572.0,396976.0,2577276.0,260874.0,246608.0,1353387.0,904272.0,1992891.5,392.0,375.0,20927927.0,8949744.0,29224470.24,25810231.0,43916611.0,34863421.0,75880162.01,-1,-0.5942569296933252,True
5643,95616125.0,66820517.0,15585185.0,51235332.0,28795608.0,28795608.0,45856645.0,0.0,21026.0,1613152.0,0.0,10375582.0,342561.0,150315.0,82744.0,391334.0,829271.0,467.0,453.0,15362440.0,6615287.0,21290457.88,14149971.0,12154908.0,13152439.5,28795608.0,-1,-0.5938894838747445,True
4872,63946051.0,33383168.0,25384229.5,7998938.5,30562883.0,30562883.0,59096357.0,561.0,164836.0,2218407.0,973144.0,13485103.0,244824.0,2306335.0,709302.0,1035516.0,2555949.5,314.0,314.0,4799208.0,1935869.0,6556859.32,14080164.0,1882776.0,7981470.0,30562883.0,-1,-0.5938419345548068,True
8385,250689715.6,43175175.0,21221425.5,21953749.5,207384827.0,207520210.0,231349210.0,455985.0,0.0,197982.0,263454.0,475876.0,355842.0,392551.0,12769897.0,53143.0,1185892.5,99.0,95.0,3530036.0,1324568.0,4564551.0,12732302.0,14095141.0,13413721.5,207384827.0,-1,-0.5936784412713461,True
8601,247253781.0,46143079.0,17288976.0,28854103.0,201113353.0,201113353.0,216213123.0,0.0,216761.0,1259841.0,390400.0,183585.0,345940.0,128945.0,3313004.0,4278741.0,1879664.0,377.0,154.0,6241825.0,1998380.0,8002428.56,73041035.0,83954425.0,78497730.0,201113353.0,-1,-0.5931700703056452,True
2994,552968408.0,22829153.0,6174217.5,16654935.5,530139255.0,530139255.0,539007961.0,2337.0,0.0,785571.0,0.0,130383.0,86476.0,457404.0,1779211.0,0.0,1633877.5,244.0,234.0,8102485.0,3250413.0,11038678.52,22867849.0,29280433.0,26074141.0,530139255.0,-1,-0.592646063835033,True
7660,339729417.7,52394850.0,17566655.5,34828194.5,287012775.0,287153816.0,303807409.0,578.0,18649.0,438550.0,0.0,3640312.0,189872.0,1417809.0,1142422.0,196798.0,1411404.5,498.0,308.0,7225982.0,3111588.0,10111849.4,4799639.0,5495285.0,5147462.0,287012775.0,-1,-0.5925026311479599,True
3669,288012840.0,45402092.0,10523654.5,34878437.5,241462405.0,242590077.0,257974589.0,0.0,0.0,1283711.0,92773.0,2685374.0,436876.0,373762.0,34416.0,3228405.0,246985.5,373.0,359.0,13235081.0,6016571.0,18744308.8,17211454.0,25232992.0,21222223.0,241462405.1,-1,-0.5923773047229515,True
3173,128594291.0,49291823.0,26567196.0,22724627.0,79302468.0,79302468.0,108735746.0,0.0,1208410.0,1349074.0,13016.0,11599662.0,268361.0,694798.0,2353940.0,3742682.0,2129851.0,246.0,224.0,7504903.0,2907862.0,10139339.88,16394220.0,26864994.0,21629607.0,79302468.0,-1,-0.5915222853334698,True
4488,142133575.0,92867774.0,65286491.5,27581282.5,49265801.0,49265801.0,117468660.0,0.0,292387.0,490001.0,40764396.0,850731.0,148213.0,373598.0,3710955.0,621460.0,3892109.5,120.0,118.0,4652569.0,1685695.0,6181517.48,13383157.0,11248673.0,12315915.0,49265801.0,-1,-0.59082166702266,True
9721,129499372.7,31509869.0,18218696.0,13291173.0,97998718.0,97998718.0,113160502.0,0.0,0.0,417545.0,2214054.0,271605.0,645998.0,86451.0,7478941.0,52864.0,165873.0,487.0,370.0,10869755.0,5512850.0,15521654.36,11218327.0,13945875.0,12582101.0,97998718.0,-1,-0.588689176911849,True
3864,224853179.2,81364140.0,22524976.5,58839163.5,143494378.0,143494378.0,168486774.0,0.0,0.0,1104308.0,0.0,875301.0,117030.0,141609.0,3239285.0,12513348.0,905819.5,144.0,89.0,9322216.0,4102026.0,13078640.68,55920803.0,68174034.0,62047418.5,143494378.0,-1,-0.588446069420124,True
4370,150802800.0,106886506.0,14220836.0,92665670.0,43916294.0,43916294.0,55919296.0,0.0,0.0,4641955.0,0.0,1605704.0,595122.0,177665.0,351292.0,2229185.0,36230.0,213.0,186.0,14506599.0,6366215.0,20294189.0,16406455.0,21669164.0,19037809.5,43916294.0,-1,-0.5880709458742037,True
8332,471598857.0,63094332.0,6926752.5,56167579.5,408504525.0,408504525.0,420531350.0,0.0,0.0,1261837.0,1029.0,1359730.0,373460.0,49697.0,1052901.0,17169.0,1140893.5,167.0,126.0,5172595.0,1992735.0,6829968.16,42454238.0,57678989.0,50066613.5,408504525.0,-1,-0.5879997346582756,True
6425,373192376.1,24159884.0,13672736.5,10487147.5,349038131.0,349038131.0,366814298.0,230.0,821859.0,553712.0,0.0,148618.0,122952.0,11302.0,8502641.0,0.0,3423106.5,14.0,14.0,848395.0,417030.0,1239883.4,13551257.0,6965119.0,10258188.0,349038131.0,-1,-0.5877566499219415,True
9785,93397543.31,37219543.0,29113401.5,8106141.5,56172245.0,56172245.0,86343372.0,0.0,6987104.0,1440699.0,0.0,247719.0,566911.0,230000.0,17764214.0,133932.0,931077.5,244.0,236.0,6820498.0,3236225.0,9338191.36,14369761.0,14507943.0,14438852.0,56172245.0,-1,-0.5873834738504362,True
2925,108437562.2,35100809.0,10811963.0,24288846.0,73277221.0,73277221.0,86628558.0,656.0,47849.0,141608.0,0.0,6011788.0,278052.0,2437670.0,29200.0,49280.0,513790.0,680.0,658.0,12787081.0,4710355.0,14610028.72,17069780.0,23467432.0,20268606.0,73277221.0,-1,-0.5869610695615235,True
4195,358750685.0,59702140.0,14747235.0,44954905.0,293727049.0,299048545.0,313935241.0,57.0,0.0,848377.0,240020.0,672181.0,147095.0,298520.0,112839.0,2149875.0,1411288.0,239.0,220.0,13149931.0,5078651.0,17754299.12,16030986.0,30884062.0,23457524.0,293727049.2,-1,-0.5868620086294666,True
8950,302838305.0,37440404.0,17553409.0,19886995.0,265397901.0,265397901.0,284836946.0,0.0,0.0,0.0,0.0,2954103.0,461148.0,490980.0,10515353.0,163552.0,965737.0,237.0,188.0,5489587.0,2381021.0,6220902.52,44311340.0,44545148.0,44428244.0,265397901.0,-1,-0.5862081859996182,True
7016,395773016.0,36371781.0,16308983.5,20062797.5,359401235.0,359401235.0,378884226.0,0.0,0.0,294805.0,0.0,7734273.0,1216454.0,2349.0,118085.0,449362.0,1123048.5,38.0,36.0,2131992.0,980809.0,2626500.8,5022000.0,5910207.0,5466103.5,359401235.0,-1,-0.5855320477133039,True
8789,151824854.0,60559248.0,35480453.0,25078795.0,91265606.0,91265606.0,113924747.0,0.0,694794.0,26127.0,105794.0,12342074.0,95251.0,848993.0,1472919.0,158106.0,1312581.0,705.0,126.0,5937817.0,2477182.0,8232587.8,758664.0,1466201.0,1112432.5,91265606.0,-1,-0.5839154876180161,True
7641,284304534.0,29755524.0,15246752.5,14508771.5,254549010.0,254549010.0,267393926.0,31895.0,7369.0,354807.0,32844.0,533071.0,239985.0,2279459.0,17231.0,309775.0,1877344.5,538.0,213.0,4284717.0,1915587.0,5360672.04,14897404.0,19580670.0,17239037.0,254549010.0,-1,-0.5831575374684963,True
4486,152232602.0,24248025.0,5805133.0,18442892.0,127984577.0,127984577.0,135943894.0,177853.0,64591.0,81643.0,0.0,1030834.0,0.0,1657770.0,483948.0,428357.0,1228594.0,506.0,505.0,8486149.0,3250448.0,10009496.8,1687727.0,22266401.0,11977064.0,127984577.0,-1,-0.582869024269408,True
6907,428366103.1,33116572.0,4768228.0,28348344.0,395258649.0,395258649.0,400369199.0,0.0,0.0,1619918.0,0.0,2176094.0,91559.0,62523.0,160384.0,165378.0,120926.0,206.0,196.0,6797513.0,2861937.0,9350684.44,52292655.0,58262050.0,55277352.5,395258649.0,-1,-0.5820895083716249,True
9781,285094699.9,43250039.0,16456162.5,26793876.5,241839147.0,241839147.0,261183199.0,199.0,149321.0,316440.0,257806.0,49869.0,235103.0,16460.0,5672231.0,4419490.0,566849.5,41.0,31.0,2424290.0,1283961.0,3618186.64,49775364.0,85037871.0,67406617.5,241839147.0,-1,-0.5819462772135905,True
8850,217127321.0,42843051.0,21785846.0,21057205.0,174274944.0,174274944.0,195444338.0,0.0,7547462.0,992239.0,0.0,750461.0,1247325.0,269668.0,4058831.0,17075.0,195343.0,116.0,98.0,4890307.0,2147736.0,6827305.12,18103615.0,19681390.0,18892502.5,174274944.0,-1,-0.581590493201331,True
8341,191188732.7,30928637.0,9052458.0,21876179.0,160239700.0,160239700.0,171139001.0,27763.0,0.0,348592.0,2854990.0,1254589.0,168437.0,280639.0,331715.0,1033053.0,169126.0,349.0,325.0,11693327.0,4658286.0,13812184.48,14429682.0,32860379.0,23645030.5,160239700.0,-1,-0.5808748931402787,True
8255,363497120.0,52315544.0,6009840.5,46305703.5,311181576.0,311181576.0,320553927.0,0.0,0.0,163104.0,0.0,2935969.0,166149.0,165803.0,986160.0,41844.0,478265.5,221.0,212.0,6159044.0,2477209.0,8403869.44,76760217.0,69973933.0,73367075.0,311181576.0,-1,-0.5808008083384381,True
4040,316562845.0,52652639.0,10265253.5,42387385.5,257575372.0,263910206.0,278622968.0,60.0,24548.0,618460.0,445624.0,2266575.0,273575.0,306543.0,1520475.0,1187965.0,1190712.5,259.0,247.0,10152974.0,3905959.0,13660987.24,12926470.0,74989250.0,43957860.0,257575372.1,-1,-0.5806798126610277,True
4720,81446530.0,33408752.0,28857694.0,4551058.0,48037778.0,48037778.0,75019607.0,0.0,0.0,1864282.0,0.0,11354057.0,64263.0,1342998.0,151706.0,3239187.0,3440076.0,358.0,246.0,6013524.0,2181583.0,7992409.88,24205847.0,28524548.0,26365197.5,48037778.0,-1,-0.5806661423610008,True
8681,221199098.0,38710804.0,16005932.0,22704872.0,181617797.0,182488294.0,201072837.0,10288.0,0.0,2812678.0,1134676.0,2069194.0,347601.0,546694.0,606298.0,2731783.0,533443.0,254.0,243.0,9507251.0,3835143.0,12971362.72,13870994.0,23839991.0,18855492.5,181617797.0,-1,-0.5805318356257979,True
6382,254297162.0,59627099.0,25045075.0,34582024.0,194679237.0,194679237.0,219819221.0,0.0,0.0,3279037.0,0.0,638195.0,64805.0,1927.0,7969455.0,2046678.0,487608.0,126.0,68.0,4113477.0,1618321.0,5579898.68,45345582.0,75044491.0,60195036.5,194679237.0,-1,-0.5804561132002204,True
3674,167444811.0,37926129.0,17471561.5,20454567.5,126391310.0,129518682.0,151284266.0,0.0,95210.0,4171106.0,7247.0,3936612.0,226954.0,186030.0,3250630.0,2248201.0,1884983.5,269.0,259.0,11713745.0,5129176.0,16276348.04,23617145.0,50672037.0,37144591.0,126391310.1,-1,-0.5804255421608945,True
4049,194968370.1,67823818.0,11637299.0,56186519.0,126619853.0,127138479.0,141467423.0,0.0,0.0,1422880.0,3197856.0,495765.0,493413.0,231680.0,2363975.0,316340.0,1216930.0,193.0,186.0,4412796.0,1914833.0,6120611.24,63152834.0,65767895.0,64460364.5,126619853.0,-1,-0.5803910025861423,True
6497,318202059.2,31504094.0,20472921.5,11031172.5,286703272.0,286703272.0,311635840.0,0.0,0.0,338407.0,0.0,5184797.0,241801.0,19262.0,2044.0,14216882.0,135776.5,106.0,105.0,3787272.0,1385665.0,5074110.92,37503063.0,9492455.0,23497759.0,286703272.0,-1,-0.5798353257837956,True
2887,108722214.0,20048317.0,9398221.0,10650096.0,88673897.0,88673897.0,100620828.0,205091.0,741196.0,124649.0,0.0,2574760.0,36726.0,2713711.0,43349.0,187314.0,1882916.0,307.0,295.0,4888902.0,2001124.0,5549331.56,15862299.0,18806821.0,17334560.0,88673897.0,-1,-0.579467723771042,True
3632,484356406.2,148179384.0,5563764.5,142615619.5,336115074.0,336115074.0,342283655.0,0.0,0.0,1204139.0,0.0,39035.0,4792.0,399803.0,6067.0,0.0,1064297.5,47.0,45.0,1733136.0,770109.0,2281943.12,13980947.0,20406014.0,17193480.5,336115074.0,-1,-0.5793012620278182,True
4050,198315111.0,33509021.0,17811283.0,15697738.0,164806090.0,164806090.0,186938413.0,809.0,0.0,1668946.0,0.0,1733889.0,186404.0,152117.0,7991099.0,3906230.0,1004566.0,418.0,406.0,9476323.0,3792110.0,12928578.16,2809219.0,3687421.0,3248320.0,164806090.0,-1,-0.5789254442247854,True
6071,85509315.0,60137921.0,9657367.5,50480553.5,25371394.0,25371394.0,38356785.0,1518.0,77705.0,2839820.0,0.0,1268620.0,227621.0,311752.0,559911.0,744432.0,1824668.5,479.0,442.0,11800262.0,4438368.0,13657387.96,45357710.0,55966476.0,50662093.0,25371394.0,-1,-0.5784660750742447,True
894,373755112.0,31970241.0,10689512.0,21280729.0,341784871.0,341784871.0,353416330.0,138.0,74607.0,1165935.0,1250173.0,286963.0,71947.0,156840.0,5677886.0,9451.0,720949.0,217.0,215.0,2966249.0,1377554.0,3604882.32,18921382.0,23260365.0,21090873.5,341784871.0,-1,-0.5781207094701293,True
7765,240513074.5,63288321.0,12370022.5,50918298.5,177233932.0,177233932.0,188079427.0,713.0,3723.0,877266.0,0.0,5843345.0,49853.0,422012.0,739974.0,625715.0,97379.5,425.0,334.0,10748107.0,4271973.0,14650203.48,25010119.0,38385849.0,31697984.0,177233932.0,-1,-0.5780307687087596,True
4526,233079897.2,56900588.0,29059617.0,27840971.0,176184983.0,176184983.0,204869345.0,0.0,0.0,3043213.0,0.0,1749464.0,359134.0,55046.0,3440220.0,17886636.0,488219.0,114.0,91.0,6907115.0,2954741.0,9630485.84,8188717.0,14386257.0,11287487.0,176184983.0,-1,-0.5778883093601194,True
3007,177135191.5,47673105.0,10973077.5,36700027.5,129481912.0,129481912.0,143377185.0,5680.0,433984.0,636713.0,1539964.0,1076038.0,306229.0,527356.0,3359294.0,40.0,1422003.5,370.0,357.0,7209147.0,2642850.0,9318237.72,34253151.0,38558607.0,36405879.0,129481912.0,-1,-0.5777471972605066,True
6255,364515112.1,59353425.0,4704760.5,54648664.5,305156146.0,305156146.0,316587714.0,0.0,529691.0,2080706.0,221726.0,42790.0,722618.0,1687.0,910154.0,0.0,186698.5,11.0,11.0,1424965.0,511757.0,1889586.8,11896522.0,26798398.0,19347460.0,305156146.0,-1,-0.5774175990538896,True
8019,258945040.6,28041258.0,11578247.0,16463011.0,230897986.0,230897986.0,240495274.0,1844.0,925609.0,3003199.0,28237.0,240123.0,174586.0,1497412.0,700831.0,34084.0,695796.0,126.0,10.0,458871.0,157225.0,602645.36,34020697.0,44563573.0,39292135.0,230897986.0,-1,-0.5772569353094985,True
463,114506423.0,74946881.0,64382071.5,10564809.5,39559542.0,39559542.0,105686345.0,1736.0,105733.0,908897.0,53472428.0,3642782.0,79573.0,201823.0,1158505.0,2634416.0,844527.5,167.0,164.0,4179515.0,1843846.0,5863990.48,16197134.0,26478306.0,21337720.0,39559542.0,-1,-0.576374718032057,True
6086,296135518.1,40683545.0,9048603.5,31634941.5,252915312.0,255470983.0,268531306.0,46990.0,0.0,140312.0,0.0,4106745.0,163247.0,59260.0,516023.0,1781339.0,1434968.5,198.0,193.0,7971864.0,3418451.0,10931036.4,15168698.0,25672451.0,20420574.5,252915312.1,-1,-0.5763629211166419,True
3784,179547757.3,92376355.0,34600405.5,57775949.5,87187589.0,87187589.0,122286499.0,0.0,244564.0,294273.0,0.0,31566480.0,274988.0,568263.0,145433.0,157624.0,419832.5,212.0,205.0,6878837.0,2589391.0,9156229.12,22501619.0,33337844.0,27919731.5,87187589.0,-1,-0.5763479246767118,True
7804,90561063.0,35467230.0,10963926.0,24503304.0,55093833.0,55093833.0,68040194.0,0.0,272795.0,109509.0,0.0,6449908.0,110219.0,1960202.0,8820.0,216815.0,984493.0,544.0,530.0,9321916.0,3509013.0,11638820.2,37353654.0,29384080.0,33368867.0,55093833.0,-1,-0.5762193166963298,True
3685,282972772.0,26251081.0,7962055.0,18289026.0,252148265.0,256721691.0,270025277.0,0.0,495.0,702973.0,315057.0,1013985.0,753157.0,590902.0,692077.0,503234.0,1527711.0,274.0,264.0,10521699.0,3425505.0,13464405.16,19002476.0,62983182.0,40992829.0,252148265.1,-1,-0.575395172953352,True
4295,139566373.4,59631814.0,18439428.5,41192385.5,79954462.0,79954462.0,106656162.0,0.0,593780.0,149190.0,0.0,1959170.0,668094.0,1.0,1949202.0,998011.0,8287081.5,82.0,80.0,8163224.0,4112079.0,11877712.52,18344530.0,54575321.0,36459925.5,79954462.0,-1,-0.5753132029130885,True
3444,262202606.5,41714102.0,15472630.0,26241472.0,220479164.0,220479164.0,239266822.0,0.0,0.0,261344.0,5533921.0,957815.0,377854.0,470250.0,4359413.0,5158.0,812553.0,53.0,52.0,1289108.0,540854.0,1629398.88,21481516.0,23688666.0,22585091.0,220479164.0,-1,-0.5751614113517834,True
6850,263229357.0,45537128.0,14151171.0,31385957.0,217692229.0,217692229.0,232820331.0,835.0,145990.0,458801.0,0.0,87331.0,132586.0,265694.0,6767736.0,2014.0,1823737.0,513.0,382.0,8079209.0,3708660.0,9569952.24,19273767.0,28323078.0,23798422.5,217692229.0,-1,-0.5745045824921541,True
6421,265003231.0,140041371.0,2651453.5,137389917.5,124961860.0,124961860.0,128231217.0,0.0,0.0,174674.0,101412.0,1744501.0,42462.0,25371.0,51570.0,11907.0,176152.5,189.0,184.0,5312304.0,2346914.0,6593786.0,24860525.0,239940036.0,132400280.5,124961860.0,-1,-0.5733455054418639,True
6170,231638420.9,40277017.0,15579451.5,24697565.5,192166610.0,192166610.0,210203080.0,109734.0,0.0,182346.0,0.0,107979.0,349723.0,11676.0,25339.0,1868163.0,432884.5,6.0,6.0,744268.0,296726.0,1012161.28,12506796.0,116780875.0,64643835.5,192166610.0,-1,-0.5731283536420628,True
5936,43880429.0,29449883.0,23474221.5,5975661.5,14430546.0,14430546.0,35194590.0,0.0,368835.0,2548834.0,0.0,4787799.0,753234.0,179816.0,2622339.0,6770758.0,661718.5,347.0,200.0,8162091.0,2907855.0,10717958.76,8768749.0,20540042.0,14654395.5,14430546.0,-1,-0.5730958877227985,True
5993,166769725.5,57980718.0,13199547.0,44781171.0,108794559.0,108794559.0,128669659.0,0.0,197279.0,1187811.0,0.0,128938.0,303315.0,26506.0,3555416.0,979820.0,3389469.0,187.0,178.0,15972420.0,6240622.0,21584358.16,32095714.0,30956483.0,31526098.5,108794559.0,-1,-0.572656754819451,True
4992,134295026.0,31080562.0,26926561.0,4154001.0,103214464.0,103214464.0,125142743.0,0.0,16766403.0,126726.0,0.0,20173.0,16869.0,1914.0,3313287.0,0.0,196980.0,594.0,351.0,7084573.0,2436766.0,8808548.8,633336.0,536964.0,585150.0,103214464.0,-1,-0.5721292533089457,True
4490,118590318.4,47024844.0,21384993.5,25639850.5,66856700.0,71510723.0,94711271.0,0.0,83066.0,303021.0,0.0,3094603.0,930717.0,1305.0,3087401.0,509006.0,1932287.5,248.0,198.0,15236759.0,6482336.0,21097312.72,17380098.0,33076696.0,25228397.0,66856700.18,-1,-0.5716804873631662,True
8891,220715538.1,37037731.0,17488481.5,19549249.5,183672020.0,183672020.0,203171971.0,0.0,67348.0,1786261.0,67585.0,1550506.0,812489.0,189045.0,6807846.0,7029.0,845025.5,346.0,342.0,9039359.0,3334681.0,12121964.56,13150690.0,19701095.0,16425892.5,183672020.0,-1,-0.5716439651170769,True
8840,206968581.0,35635253.0,12154243.0,23481010.0,170737617.0,171333328.0,184809948.0,13497.0,0.0,617825.0,614987.0,2454765.0,467740.0,1098977.0,381922.0,1000810.0,152773.0,334.0,285.0,9668140.0,4113510.0,13433308.72,8258480.0,26584239.0,17421359.5,170737617.0,-1,-0.5715749722534661,True
4568,222046451.0,57267559.0,8781416.0,48486143.0,164560267.0,164778892.0,177368108.0,0.0,29629.0,1184987.0,101205.0,2004325.0,389568.0,192198.0,765853.0,395447.0,2447660.0,285.0,276.0,12045043.0,5364377.0,16962907.4,38845444.0,47278402.0,43061923.0,164560267.0,-1,-0.5712893150875903,True
5555,121233374.0,33686564.0,14232520.5,19454043.5,87546810.0,87546810.0,104248499.0,1244.0,142608.0,610627.0,756737.0,4494739.0,140675.0,688754.0,3760039.0,1540458.0,696204.5,422.0,406.0,8786266.0,3326874.0,11709368.2,28199049.0,36752182.0,32475615.5,87546810.0,-1,-0.5705798352599029,True
9667,180298705.4,40614397.0,6092695.5,34521701.5,139677529.0,139677529.0,147935117.0,2764.0,0.0,139742.0,0.0,1191989.0,194243.0,249302.0,1489300.0,166811.0,1633885.5,796.0,784.0,13591089.0,4788358.0,17941389.56,13388842.0,18921456.0,16155149.0,139677529.0,-1,-0.5704118673175186,True
6107,107386952.0,80805512.0,28271160.0,52534352.0,26581440.0,26581440.0,54852600.0,15340.0,0.0,5960774.0,0.0,763058.0,163191.0,20500.0,879212.0,13590351.0,0.0,127.0,123.0,7552400.0,2583180.0,9650975.2,4244550.0,6243453.0,5244001.5,26581440.0,-1,-0.5703065487721736,True
5942,253109469.0,73467403.0,10159994.5,63307408.5,179642066.0,179642066.0,190839303.0,287.0,92769.0,1367665.0,0.0,2325474.0,560085.0,406928.0,1166039.0,0.0,1209208.5,402.0,344.0,6283761.0,2843521.0,7345158.52,38997751.0,29703927.0,34350839.0,179642066.0,-1,-0.5696157546315026,True
4888,105967320.0,63088424.0,7461870.5,55626553.5,42878896.0,42878896.0,49901863.0,1662.0,140718.0,350025.0,0.0,200943.0,83618.0,379409.0,4154930.0,393844.0,4432.5,219.0,206.0,18375987.0,7196497.0,24955115.48,34444337.0,47726692.0,41085514.5,42878896.0,-1,-0.5691311451748681,True
590,156198936.0,23989736.0,6953547.0,17036189.0,132209200.0,132209200.0,141731062.0,47042.0,0.0,385315.0,0.0,1299763.0,217480.0,2758401.0,86117.0,23833.0,748018.0,573.0,559.0,7235375.0,3059475.0,8307835.04,10568430.0,15229382.0,12898906.0,132209200.0,-1,-0.5690144686532583,True
9659,284759890.0,63049362.0,1299272.5,61750089.5,221710528.0,221710528.0,224787808.0,0.0,0.0,196967.0,0.0,25321.0,56366.0,168401.0,0.0,0.0,828844.5,18.0,16.0,1377420.0,452697.0,1758108.56,106169315.0,186155157.0,146162236.0,221710528.0,-1,-0.5688916643958686,True
5041,147088491.0,27028362.0,9522089.0,17506273.0,119092312.0,120060129.0,131773039.0,22473.0,0.0,1408234.0,37575.0,4038900.0,183933.0,183847.0,60342.0,1615525.0,704543.0,218.0,210.0,5698610.0,2383372.0,7597958.2,103646339.0,119826188.0,111736263.5,119092312.0,-1,-0.5682121757041915,True
3032,189698954.0,74007523.0,7351747.0,66655776.0,115691431.0,115691431.0,124182960.0,0.0,368200.0,380521.0,0.0,185456.0,38477.0,3975956.0,848598.0,14664.0,476510.0,258.0,245.0,11530937.0,4008161.0,15158603.6,5655112.0,7893113.0,6774112.5,115691431.0,-1,-0.5682049635412619,True
4234,213145703.9,46887095.0,5752075.0,41135020.0,166261265.0,166261265.0,174354545.0,0.0,180140.0,201313.0,3900.0,125451.0,67791.0,181575.0,1890591.0,32858.0,1068481.0,189.0,184.0,10244137.0,4238494.0,12298852.16,89312544.0,126011660.0,107662102.0,166261265.0,-1,-0.5671831591925054,True
9945,46705323.0,31326463.0,18487115.0,12839348.0,15378860.0,15378860.0,35006047.0,6913.0,3844715.0,4473610.0,0.0,1517372.0,150387.0,102407.0,894090.0,5735985.0,736678.0,223.0,219.0,5517498.0,2473833.0,7831375.24,3462562.0,23769922.0,13616242.0,15378860.0,-1,-0.5667390459255519,True
1297,734199683.0,2366208.0,2461356.0,-95148.0,731833475.0,731833475.0,740389456.0,0.0,0.0,1069490.0,0.0,189261.0,312245.0,11697.0,0.0,0.0,656987.0,14.0,13.0,1250060.0,679541.0,1870896.76,2756722.0,15726220.0,9241471.0,731833475.0,-1,-0.5661768342166899,True
9199,111716861.6,39819309.0,10260319.5,29558989.5,71852283.0,71852283.0,84782407.0,11870.0,107829.0,229342.0,0.0,3164888.0,19240.0,801306.0,1852696.0,255090.0,1858548.5,411.0,411.0,12398185.0,6070656.0,18003611.68,12187747.0,12540802.0,12364274.5,71852283.0,-1,-0.5641722748716811,True
6209,200129838.6,60969799.0,14294521.5,46675277.5,129237211.0,138147295.0,153388930.0,0.0,0.0,1845053.0,0.0,2355136.0,101058.0,149804.0,4380354.0,0.0,1025437.5,139.0,131.0,11423708.0,4569965.0,15599454.16,40308761.0,66058624.0,53183692.5,129237211.2,-1,-0.5641053702377172,True
4825,181926165.0,22393785.0,14201988.5,8191796.5,159532380.0,159532380.0,176325673.0,4.0,114299.0,1371182.0,0.0,3829871.0,167122.0,217703.0,5088357.0,0.0,1121134.5,388.0,380.0,10880192.0,3727212.0,14289131.12,21442885.0,24906923.0,23174904.0,159532380.0,-1,-0.562396684329399,True
7184,266904702.0,39941394.0,5402681.5,34538712.5,226963308.0,226963308.0,232727673.0,112.0,614824.0,101064.0,0.0,158434.0,1848729.0,85743.0,1911675.0,202830.0,141851.5,57.0,55.0,3197178.0,1333578.0,4407486.0,23679899.0,66625295.0,45152597.0,226963308.0,-1,-0.5619909925506634,True
8335,69199972.0,23783977.0,9773380.5,14010596.5,45415995.0,45415995.0,56725262.0,1942.0,683155.0,180213.0,0.0,4735127.0,22600.0,1333306.0,754908.0,658045.0,633259.5,530.0,523.0,9702876.0,3885161.0,11093209.04,15436029.0,21816810.0,18626419.5,45415995.0,-1,-0.5617283283325057,True
8951,319163573.0,55626671.0,12751625.0,42875046.0,263536902.0,263536902.0,274674381.0,0.0,16187.0,155715.0,0.0,1581642.0,365161.0,180708.0,3703872.0,865516.0,1110325.0,335.0,196.0,5195594.0,2678662.0,7712406.88,18432450.0,29765785.0,24099117.5,263536902.0,-1,-0.5613883246927519,True
8682,177952788.0,36107630.0,7863502.5,28244127.5,140066105.0,141845158.0,153529253.0,42173.0,0.0,1052550.0,790423.0,761014.0,298936.0,502342.0,225864.0,1558064.0,1140035.5,286.0,278.0,9632757.0,3862128.0,11518306.68,8636358.0,24802526.0,16719442.0,140066105.1,-1,-0.5613584483191026,True
7173,477465682.2,24950062.0,4928478.0,20021584.0,452509769.0,452509769.0,460441629.0,0.0,0.0,551103.0,513853.0,130227.0,1795.0,10761.0,4260.0,12126.0,3116505.0,68.0,64.0,1384963.0,577610.0,1743977.4,7612402.0,13473613.0,10543007.5,452509769.0,-1,-0.5610047882956866,True
1054,250232534.6,33062912.0,12121137.5,20941774.5,215244672.0,216514351.0,232888010.0,0.0,0.0,2557155.0,255047.0,4019303.0,100941.0,312498.0,502509.0,888587.0,1661460.5,169.0,163.0,6248518.0,3356592.0,9325238.36,34868447.0,54024867.0,44446657.0,215244672.0,-1,-0.560710174021837,True
8215,309267720.9,38446972.0,8233061.0,30213911.0,270804153.0,270804153.0,282721174.0,1730.0,5123.0,75509.0,42068.0,2085430.0,954581.0,216158.0,863645.0,90642.0,1645886.0,131.0,108.0,4948591.0,1831441.0,6486081.28,42549400.0,42204731.0,42377065.5,270804153.0,-1,-0.5603522407720763,True
6008,155813112.1,89412217.0,40719151.5,48693065.5,66350187.0,66350187.0,82003668.0,0.0,305162.0,181331.0,0.0,8057540.0,247319.0,507362.0,1649444.0,620878.0,201133.5,185.0,185.0,7675387.0,2926316.0,10408650.84,12446425.0,25889955.0,19168190.0,66350187.0,-1,-0.5602271727961182,True
7905,273873372.4,31330041.0,15129900.0,16200141.0,241875430.0,242454224.0,261223405.0,0.0,0.0,1413231.0,0.0,4034284.0,179960.0,11895.0,2922806.0,1315863.0,1536886.0,62.0,62.0,7193211.0,3049287.0,10014150.72,33121115.0,40592933.0,36857024.0,241875430.0,-1,-0.5601630365492823,True
6868,127889179.4,59774607.0,7529185.0,52245422.0,68094121.0,68094121.0,78489007.0,96.0,259373.0,1223922.0,2108.0,815978.0,92305.0,107639.0,2451465.0,290688.0,948058.0,308.0,302.0,11612301.0,6114403.0,17211428.04,40779501.0,63074291.0,51926896.0,68094121.0,-1,-0.5598877973995856,True
6930,125304392.0,50520498.0,9380561.0,41139937.0,74778435.0,74778435.0,83821343.0,62.0,20119.0,402874.0,0.0,2518309.0,507528.0,232139.0,104373.0,64427.0,528345.0,307.0,285.0,13519810.0,5544207.0,16507187.64,44278929.0,69469684.0,56874306.5,74778435.0,-1,-0.5598559121903673,True
9752,287750040.0,23849908.0,15073769.5,8776138.5,263900132.0,263900132.0,279742075.0,0.0,0.0,3453253.0,227680.0,1350002.0,3555.0,34527.0,9340771.0,0.0,535302.5,33.0,33.0,916652.0,407623.0,1269233.16,302402.0,0.0,151201.0,263900132.0,-1,-0.5584986360686021,True
6317,165900358.8,55013361.0,14996256.0,40017105.0,110889661.0,110889661.0,135286381.0,0.0,0.0,582824.0,0.0,2868195.0,182648.0,19484.0,3232875.0,22498.0,7255246.0,85.0,81.0,6944469.0,2723733.0,9426911.44,64439688.0,46029622.0,55234655.0,110889661.0,-1,-0.5582540786604642,True
8102,389557865.0,19965396.0,9165613.0,10799783.0,369592469.0,369592469.0,380947064.0,0.0,21292.0,186813.0,75487.0,2087724.0,454728.0,181781.0,2443121.0,1024348.0,1512612.0,114.0,114.0,3171946.0,1585209.0,4595508.2,3239191.0,15554918.0,9397054.5,369592469.0,-1,-0.5563895421991166,True
6830,143357189.2,29256870.0,9066957.5,20189912.5,114081751.0,114081751.0,123877317.0,17704.0,326.0,183277.0,33028.0,2866202.0,110030.0,3676993.0,118298.0,240843.0,103805.5,391.0,385.0,7565336.0,3291302.0,8657036.64,19738202.0,26223965.0,22981083.5,114081751.0,-1,-0.5553993053228344,True
4271,103177123.4,42944840.0,13205282.0,29739558.0,60234956.0,60234956.0,76604452.0,128.0,0.0,3161107.0,0.0,293548.0,179225.0,142807.0,1041506.0,98307.0,4322121.0,253.0,131.0,10896328.0,3758634.0,13755755.76,51884625.0,60234956.0,56059790.5,60234956.0,-1,-0.5548874952964382,True
3997,283449744.1,36626901.0,7138718.0,29488183.0,246804432.0,246804432.0,256211721.0,7321.0,52000.0,1296592.0,0.0,992993.0,380898.0,129307.0,797632.0,55552.0,2000061.0,280.0,275.0,6393078.0,2973977.0,9063173.8,27603203.0,37447857.0,32525530.0,246804432.0,-1,-0.5548499718220448,True
9680,74602505.0,31959185.0,22387438.5,9571746.5,42643320.0,42643320.0,65217391.0,5369.0,5027102.0,947277.0,0.0,441198.0,789145.0,267796.0,11999120.0,73527.0,900377.5,139.0,135.0,3163346.0,1396773.0,4381650.84,1711177.0,1564171.0,1637674.0,42643320.0,-1,-0.554836944125689,True
4282,131034486.0,59833460.0,31421375.0,28412085.0,71201026.0,71201026.0,102184087.0,0.0,0.0,843660.0,0.0,124290.0,99354.0,5741.0,901873.0,19690935.0,3003718.0,137.0,61.0,8657544.0,3455527.0,11769436.52,18726213.0,32763737.0,25744975.0,71201026.0,-1,-0.5548246086809465,True
89,49491594.0,22017255.0,17744928.0,4272327.0,27474339.0,27474339.0,46740754.0,5270.0,340990.0,506086.0,12658.0,13356551.0,198100.0,948174.0,1127986.0,44426.0,992640.0,194.0,183.0,5799496.0,2077013.0,7626178.6,58937364.0,54817261.0,56877312.5,27474339.0,-1,-0.5545020568458447,True
8687,216065817.4,34367832.0,8061139.0,26306693.0,158117974.0,181717223.0,194668144.0,0.0,0.0,562764.0,666074.0,1893148.0,677446.0,409213.0,251851.0,2084769.0,234826.0,258.0,249.0,9737998.0,3659710.0,12858254.72,14086299.0,38363066.0,26224682.5,158117974.9,-1,-0.5543047456171137,True
71,64287161.07,27038571.0,6881550.5,20157020.5,37253984.0,37253984.0,46110386.0,2403.0,0.0,347072.0,1811275.0,2031729.0,282479.0,371690.0,116951.0,317219.0,771188.5,286.0,274.0,15660247.0,7118662.0,22204684.72,10076403.0,13634184.0,11855293.5,37253984.0,-1,-0.5539086919590722,True
5894,151426381.0,70409270.0,32548702.5,37860567.5,18388374.0,81017111.0,108541101.0,713.0,0.0,153483.0,0.0,214753.0,4534.0,630754.0,5237374.0,8906666.0,1766805.5,116.0,103.0,5512411.0,2790259.0,8133797.04,12392642.0,15147897.0,13770269.5,18388378.55,-1,-0.5538338595123267,True
2950,247672716.0,43718889.0,9812010.0,33906879.0,203759283.0,203953827.0,218787598.0,45.0,0.0,554734.0,2666995.0,806790.0,165220.0,681065.0,142367.0,663236.0,1143428.0,201.0,186.0,5511643.0,1878999.0,7187012.52,16277724.0,15686992.0,15982358.0,203759283.0,-1,-0.5533374529355253,True
8761,181179671.4,41510256.0,10655753.5,30854502.5,139515586.0,139660101.0,155795845.0,4284.0,50043.0,598066.0,33939.0,1558996.0,288050.0,580610.0,2095428.0,1167065.0,1523319.5,371.0,364.0,11119784.0,4942287.0,15614045.76,19510682.0,18524814.0,19017748.0,139515586.0,-1,-0.5530431971761808,True
5885,53552186.0,16478749.0,10805447.0,5673302.0,37073437.0,37073437.0,53571873.0,0.0,0.0,2207165.0,0.0,1377899.0,196909.0,80462.0,60011.0,83512.0,3016536.0,336.0,325.0,15530313.0,8977475.0,23918957.56,0.0,0.0,0.0,0.0,-1,-0.5520265038325884,True
8232,150570425.0,34337717.0,9895537.0,24442180.0,116232708.0,116232708.0,128121756.0,599.0,162699.0,1092644.0,205740.0,5135399.0,70068.0,360647.0,1173926.0,319586.0,314866.0,467.0,455.0,8744605.0,3696373.0,11841881.0,21423591.0,36933280.0,29178435.5,116232708.0,-1,-0.5518344310791067,True
3898,85340098.0,39651769.0,15281253.0,24370516.0,45688329.0,45688329.0,64018728.0,0.0,1282673.0,247906.0,0.0,9080986.0,153081.0,434192.0,1048634.0,1274201.0,1187434.0,261.0,241.0,8155058.0,2981325.0,10826753.92,10873677.0,22124507.0,16499092.0,45688329.0,-1,-0.5512268654505655,True
4441,255819304.0,27783096.0,13499264.5,14283831.5,228036208.0,228036208.0,237432759.0,0.0,0.0,176524.0,0.0,402883.0,173365.0,93092.0,6070044.0,7730.0,627243.5,309.0,66.0,1025475.0,472995.0,1471966.88,69119012.0,58068585.0,63593798.5,228036208.0,-1,-0.550997369018444,True
9124,355934794.0,6524086.0,3433373.5,3090712.5,349410708.0,349410708.0,353926699.0,1530.0,65106.0,56282.0,0.0,1492190.0,945258.0,116584.0,58317.0,5016.0,184827.5,193.0,193.0,3636853.0,1526498.0,4191024.56,16227667.0,13358976.0,14793321.5,349410708.0,-1,-0.5509890246288904,True
2881,148202670.0,52285432.0,9611600.0,42673832.0,95917238.0,95917238.0,107991670.0,29.0,127282.0,458067.0,0.0,790749.0,192241.0,310485.0,4725130.0,360179.0,580863.0,253.0,243.0,9715694.0,4733441.0,14058029.72,55511755.0,61090118.0,58300936.5,95917238.0,-1,-0.550917737883521,True
4074,75147416.77,30219003.0,9466100.0,20752903.0,45155590.0,45155590.0,57192050.0,2121.0,174851.0,597781.0,12133.0,3448715.0,73046.0,586821.0,1965.0,1944200.0,1322891.0,508.0,500.0,8555308.0,4007485.0,12100257.92,23521557.0,39907944.0,31714750.5,45155590.0,-1,-0.5505042020640487,True
9528,102442611.2,39145018.0,8806540.0,30338478.0,57130222.0,63302974.0,73537281.0,17644.0,160140.0,1089540.0,329147.0,908033.0,226649.0,701366.0,1657138.0,620730.0,1052487.0,321.0,307.0,11451866.0,5389415.0,16343482.32,16118673.0,23660721.0,19889697.0,57130222.31,-1,-0.5503652789052823,True
8754,155408038.0,32368820.0,11930691.0,20438129.0,123039218.0,123039218.0,138941389.0,0.0,484196.0,930706.0,2675.0,933024.0,276102.0,410843.0,4367365.0,376873.0,2480211.0,320.0,233.0,9935834.0,3555470.0,12737391.0,29630195.0,39869067.0,34749631.0,123039218.0,-1,-0.549969159441597,True
4333,178226564.0,64963125.0,18730205.5,46232919.5,113263439.0,113263439.0,133918657.0,0.0,0.0,1944266.0,0.0,1.0,62560.0,1.0,2734299.0,4924785.0,1550123.5,61.0,61.0,8456988.0,2654897.0,10737554.88,30877674.0,49093665.0,39985669.5,113263439.0,-1,-0.5499264699236007,True
4327,77587274.5,55243084.0,25845147.5,29397936.5,21871404.0,21871404.0,50642561.0,0.0,331891.0,18765454.0,1003368.0,156489.0,82382.0,139432.0,1410638.0,663691.0,2230819.5,77.0,67.0,4847364.0,2132046.0,6765969.0,8108702.0,8012308.0,8060505.0,21871404.0,-1,-0.5498921712290041,True
6013,153733039.5,51405960.0,10093282.5,41312677.5,102306575.0,102306575.0,113410016.0,0.0,50863.0,491932.0,181744.0,0.0,883709.0,104555.0,3403871.0,2775248.0,461332.5,155.0,119.0,8162004.0,4062167.0,11885709.56,39517912.0,48354987.0,43936449.5,102306575.0,-1,-0.5497340952470625,True
7275,209899254.9,35977006.0,10630700.5,25346305.5,171590297.0,173941504.0,185689368.0,23589.0,0.0,254116.0,897472.0,335259.0,37648.0,583531.0,904536.0,487747.0,2628297.5,199.0,189.0,7447937.0,2919427.0,9140714.56,12796413.0,23525562.0,18160987.5,171590297.1,-1,-0.5497221043035125,True
9666,143519882.0,34320494.0,33082939.5,1237554.5,109261248.0,109261248.0,142885121.0,128.0,21988556.0,10599639.0,0.0,37671.0,24714.0,32409.0,2662.0,0.0,32813.5,14.0,14.0,464698.0,206590.0,658306.08,424302.0,824657.0,624479.5,109261248.0,-1,-0.5493812762873586,True
3020,173213833.0,53606734.0,12968488.0,40638246.0,119607099.0,119607099.0,130661377.0,3331.0,80368.0,297190.0,449323.0,2903937.0,167577.0,521999.0,2877674.0,385730.0,1085547.0,307.0,159.0,4245304.0,1578316.0,4973236.52,50788450.0,61091672.0,55940061.0,119607099.0,-1,-0.5491980982093018,True
6096,73575626.63,39187736.0,15966673.5,23221062.5,34333813.0,34333813.0,48494918.0,0.0,0.0,293897.0,1826411.0,3431237.0,96453.0,917033.0,2212912.0,1859196.0,693284.5,265.0,260.0,6733576.0,2499354.0,9003239.32,20016929.0,32068958.0,26042943.5,34333813.0,-1,-0.5491966717635934,True
5970,449966976.0,9989464.0,3858445.0,6131019.0,439986623.0,439986623.0,446029876.0,1.0,0.0,161949.0,0.0,1.0,0.0,1.0,0.0,0.0,1106325.0,5.0,5.0,645137.0,203274.0,825015.88,42588005.0,49712314.0,46150159.5,439986623.0,-1,-0.5490943198822543,True
7321,120320798.3,19874286.33,12681741.67,7192544.667,100446512.0,100446512.0,114236371.7,31116.66667,231330.6667,501537.0,0.0,2869920.667,328326.3333,2089843.333,1009597.667,557439.3333,641051.0,321.0,273.6666667,6262049.0,3182733.0,7779957.707,16270027.0,17651071.0,16960549.0,100446512.0,-1,-0.5487825198899774,True
7508,120320798.3,19874286.33,12681741.67,7192544.667,100446512.0,100446512.0,114236371.7,31116.66667,231330.6667,501537.0,0.0,2869920.667,328326.3333,2089843.333,1009597.667,557439.3333,641051.0,321.0,273.6666667,6262049.0,3182733.0,7779957.707,16270027.0,17651071.0,16960549.0,100446512.0,-1,-0.5487825198899774,True
8234,120320798.3,19874286.33,12681741.67,7192544.667,100446512.0,100446512.0,114236371.7,31116.66667,231330.6667,501537.0,0.0,2869920.667,328326.3333,2089843.333,1009597.667,557439.3333,641051.0,321.0,273.6666667,6262049.0,3182733.0,7779957.707,16270027.0,17651071.0,16960549.0,100446512.0,-1,-0.5487825198899774,True
990,83124473.62,42208637.0,24626781.5,17581855.5,40964220.0,40964220.0,58317118.0,12319.0,215579.0,156676.0,75707.0,9617354.0,213816.0,664239.0,2216369.0,0.0,483262.5,303.0,180.0,5084513.0,1987176.0,6604054.84,40339336.0,34135887.0,37237611.5,40964220.0,-1,-0.5486207581346574,True
3704,184519697.0,24319452.0,8431970.5,15887481.5,160200245.0,160200245.0,170509502.0,56315.0,0.0,128142.0,0.0,4546673.0,88069.0,1130192.0,351274.0,92826.0,1123415.5,277.0,265.0,4601901.0,1977796.0,6373602.96,3743346.0,4633915.0,4188630.5,160200245.0,-1,-0.5482942667506364,True
1790,207297640.0,37688949.0,15563407.0,22125542.0,169608691.0,169608691.0,187237481.0,0.0,60958.0,5349425.0,0.0,371300.0,176121.0,22962.0,3195624.0,3328794.0,1651084.0,44.0,38.0,4277156.0,1212228.0,5372150.44,24996708.0,42020352.0,33508530.0,169608691.0,-1,-0.548127897151157,True
76,42673723.0,17613100.0,9453735.5,8159364.5,25060623.0,25060623.0,35937252.0,626.0,113280.0,764573.0,0.0,4156247.0,80024.0,2935585.0,48807.0,72733.0,457564.5,454.0,433.0,6660101.0,2677595.0,8882848.16,41297147.0,31868363.0,36582755.0,25060623.0,-1,-0.5480309906987312,True
3677,259020237.5,42651179.0,6989028.5,35662150.5,214512220.0,216388174.0,225050348.0,17858.0,0.0,204672.0,80053.0,874667.0,247764.0,219840.0,938958.0,652755.0,1286065.5,237.0,227.0,9144266.0,4361214.0,13102551.24,9466968.0,18668413.0,14067690.5,214512220.1,-1,-0.5476476609086243,True
6884,57998445.58,28688566.0,13800483.0,14888083.0,28647916.0,29359176.0,42288736.0,79.0,19254.0,1376096.0,2207960.0,3674555.0,1453418.0,353509.0,233202.0,455056.0,711277.0,343.0,228.0,4812138.0,2007726.0,6586059.12,4589171.0,5779958.0,5184564.5,28647916.14,-1,-0.5474549077767971,True
4953,276802134.1,24236796.0,5417224.0,18819572.0,252559537.0,252559537.0,260981403.0,2705.0,0.0,222176.0,0.0,373583.0,372714.0,293037.0,2518452.0,139929.0,1049853.0,296.0,293.0,5805367.0,2334477.0,7976248.12,30995440.0,48060519.0,39527979.5,252559537.0,-1,-0.547296401313587,True
5209,52541000.0,13817000.0,2651255.5,11165744.5,38724000.0,38724000.0,42543511.0,0.0,0.0,99000.0,0.0,40000.0,202000.0,59000.0,951000.0,21000.0,354255.5,74.0,73.0,1609601.0,555494.0,2120649.72,9234000000.0,2357000000.0,5795500000.0,38724000.0,-1,-0.5465863169262938,True
2894,275722175.8,39914542.0,13592217.0,26322325.0,235813297.0,235813297.0,248662862.0,0.0,0.0,1177173.0,0.0,951322.0,238446.0,231731.0,4415077.0,19810.0,1120942.0,368.0,217.0,6521232.0,2369218.0,8005297.4,15967113.0,27433542.0,21700327.5,235813297.0,-1,-0.5461547416650767,True
6168,318637494.7,19266043.0,8873114.5,10392928.5,299380605.0,299380605.0,308625243.0,0.0,0.0,8191104.0,0.0,647591.0,0.0,1.0,0.0,0.0,34416.5,1.0,0.0,0.0,0.0,0.0,15388941.0,15842194.0,15615567.5,299380605.0,-1,-0.5459374231848538,True
3795,158191385.0,42409574.0,11230828.0,31178746.0,115662591.0,115781811.0,126320782.0,0.0,52617.0,2126153.0,14797.0,55223.0,348591.0,213846.0,2499379.0,401171.0,899171.0,399.0,386.0,10588415.0,4167894.0,14304162.96,23701320.0,30323490.0,27012405.0,115662591.0,-1,-0.5459161124026226,True
8343,197525029.2,46275321.0,11045185.5,35230135.5,151263199.0,151284891.0,164987843.0,23550.0,0.0,143047.0,34563.0,2628633.0,264294.0,79826.0,4799710.0,462828.0,1409793.5,111.0,107.0,6891314.0,3201731.0,8175961.48,31776606.0,37190788.0,34483697.0,151263199.0,-1,-0.5459084648107061,True
2809,227060186.1,38258323.0,11431346.0,26826977.0,185671457.0,189381038.0,199815113.0,8355.0,0.0,164750.0,794880.0,2094847.0,342395.0,734020.0,253285.0,768264.0,1053785.0,285.0,143.0,5283411.0,2337913.0,6580144.12,8799271.0,35733414.0,22266342.5,185671457.2,-1,-0.5455798650604788,True
8802,226379783.0,47228670.0,16255239.5,30973430.5,179151113.0,179151113.0,198474414.0,183.0,36590.0,349557.0,5935.0,3219591.0,115060.0,130085.0,7474520.0,7250.0,1219878.5,258.0,255.0,7511614.0,1399125.0,8875715.0,12765943.0,16288849.0,14527396.0,179151113.0,-1,-0.5454892271842003,True
1869,102189702.0,28792194.0,7307605.0,21484589.0,73397508.0,73397508.0,82642050.0,106976.0,355537.0,191526.0,0.0,844539.0,150620.0,2049169.0,146168.0,198289.0,673704.0,259.0,254.0,4955466.0,2299161.0,6058354.08,32455458.0,1.0,16227729.5,73397508.0,-1,-0.5454488739914863,True
2485,301319256.0,30849608.0,8137350.0,22712258.0,270469648.0,270469648.0,282066415.0,5291.0,0.0,441763.0,0.0,378152.0,65116.0,760215.0,2702265.0,25400.0,2477746.0,185.0,182.0,3606714.0,1532387.0,4450934.0,1981695.0,2280879.0,2131287.0,270469648.0,-1,-0.5447325855033937,True
6166,110153542.0,43162393.0,17846107.0,25316286.0,66991149.0,66991149.0,82887742.0,34.0,75003.0,919106.0,2823360.0,3659495.0,29408.0,89640.0,1291718.0,10838.0,632110.0,60.0,57.0,9982895.0,4348487.0,13936140.16,16311718.0,23784001.0,20047859.5,66991149.0,-1,-0.5438878519539017,True
2854,247689120.0,45518210.0,12722614.0,32795596.0,201373528.0,202170910.0,220766494.0,1538.0,0.0,276293.0,127201.0,949650.0,98831.0,504795.0,1381035.0,787055.0,3881094.0,186.0,178.0,6775723.0,3129889.0,9618733.2,4989399.0,18149307.0,11569353.0,201373528.1,-1,-0.5438578682943137,True
8685,196842202.0,29424473.0,15666431.5,13758041.5,161861924.0,167417729.0,182152420.0,14843.0,0.0,1156193.0,128653.0,4771933.0,82741.0,463761.0,711489.0,262266.0,2072986.5,225.0,218.0,7139487.0,2987173.0,8722992.72,12386405.0,16540193.0,14463299.0,161861924.4,-1,-0.5434504838734326,True
7729,188749670.0,9468739.0,6629759.0,2838980.0,179280931.0,179280931.0,186660086.0,48926.0,3436920.0,115429.0,0.0,100300.0,307911.0,79889.0,2293223.0,0.0,100033.0,53.0,52.0,1292348.0,518348.0,1586401.48,6921880.0,26322753.0,16622316.5,179280931.0,-1,-0.5429292881636226,True
9940,80640740.65,36014776.0,14109095.0,21905681.0,44650618.0,44650618.0,60713390.0,1.0,401226.0,771597.0,1720942.0,4787235.0,73786.0,458015.0,686996.0,1209798.0,1412543.0,259.0,253.0,3689141.0,1848665.0,5429121.0,22549059.0,34741464.0,28645261.5,44650618.0,-1,-0.5429104699072965,True
3838,142249307.3,42452256.0,14658452.5,27793803.5,99794342.0,99794342.0,120288585.0,5670.0,200566.0,429239.0,0.0,757472.0,263121.0,402174.0,1646874.0,3159880.0,3941435.5,250.0,246.0,7800869.0,3227692.0,10765196.2,18775030.0,24731711.0,21753370.5,99794342.0,-1,-0.542682944315176,True
6887,145333364.0,30620753.0,5140373.5,25480379.5,114712611.0,114712611.0,123058304.0,23.0,304437.0,303961.0,0.0,21328.0,47288.0,131212.0,2779698.0,169396.0,236404.5,172.0,168.0,6400768.0,2320161.0,7703862.28,144328385.0,148608446.0,146468415.5,114712611.0,-1,-0.542571422251651,True
9016,112952493.5,35580408.0,7733619.0,27846789.0,77317445.0,77317445.0,88566163.0,0.0,1430031.0,1568328.0,0.0,393602.0,233082.0,41555.0,41274.0,25636.0,2494432.0,89.0,87.0,9630878.0,4515486.0,13731027.12,34799281.0,44249590.0,39524435.5,77317445.0,-1,-0.5420727224520238,True
5797,10122229.0,4682089.0,2159562.0,2522527.0,5440140.0,5440140.0,9065789.0,0.0,0.0,452450.0,0.0,150871.0,59023.0,6179.0,39222.0,55148.0,1343784.0,51.0,51.0,1525409.0,832593.0,2317548.16,3168346626.0,4978526243.0,4073436435.0,5440140.0,-1,-0.541404611699734,True
4363,131855657.0,32809024.0,10518967.0,22290057.0,99046633.0,99046633.0,112147362.0,13963.0,0.0,4329385.0,678975.0,690301.0,47018.0,69526.0,1650686.0,668700.0,1333436.0,82.0,80.0,10844456.0,4222583.0,14550348.84,17662000.0,17995000.0,17828500.0,99046633.0,-1,-0.5413300717244329,True
6859,144688107.0,35928626.0,12541772.0,23386854.0,108759481.0,108759481.0,124902366.0,38.0,47063.0,423602.0,1011988.0,2834346.0,468352.0,543050.0,2433295.0,569426.0,3007359.0,157.0,132.0,5974701.0,2624883.0,7508130.28,27356067.0,22788735.0,25072401.0,108759481.0,-1,-0.5412840574424722,True
9196,150374201.5,47586156.0,13151932.0,34434224.0,102793740.0,102793740.0,113827756.0,0.0,2074402.0,211079.0,2047266.0,825794.0,172860.0,34005.0,1949110.0,861681.0,602198.0,172.0,47.0,3136587.0,1377968.0,3962717.4,12480000.0,7438469.0,9959234.5,102793740.0,-1,-0.5409199837216083,True
4279,201652603.3,31148192.0,9434020.0,21714172.0,170498629.0,170498629.0,180755486.0,0.0,803722.0,743322.0,0.0,806060.0,68647.0,1200876.0,2604610.0,171580.0,484571.0,259.0,249.0,6913281.0,2809769.0,9403657.12,7520363.0,9060002.0,8290182.5,170498629.0,-1,-0.5406546605679821,True
7829,168772568.0,31615551.0,10922195.0,20693356.0,137157017.0,137157017.0,149040125.0,808199.0,0.0,143883.0,0.0,1990.0,22445.0,243797.0,9249636.0,0.0,388080.0,27.0,27.0,1346473.0,533696.0,1666086.68,5024542.0,6274481.0,5649511.5,137157017.0,-1,-0.5405876796824644,True
5511,107368000.0,57123000.0,29951513.0,27171487.0,50245000.0,50245000.0,80613757.0,1587.0,68587.0,425874.0,869874.0,668745.0,223698.0,16985.0,3258874.0,19759854.0,0.0,129.0,97.0,2778088.0,1135960.0,3616975.76,15305390.0,21587586.0,18446488.0,50245000.0,-1,-0.5403153854815805,True
7268,250323613.6,38686425.0,8411508.5,30274916.5,210217124.0,211876256.0,223054400.0,441.0,0.0,847716.0,271481.0,2940737.0,243525.0,281818.0,360222.0,1016158.0,753207.5,230.0,221.0,8802473.0,3613945.0,11979274.16,8549944.0,20148700.0,14349322.0,210217124.1,-1,-0.540253109731671,True
7339,230431272.0,44353279.0,6022599.0,38330680.0,186077993.0,186077993.0,195742080.0,3612.0,0.0,208972.0,0.0,1754685.0,1290639.0,174798.0,1115592.0,13036.0,513768.0,224.0,217.0,7017400.0,2667136.0,9424606.76,17865753.0,32304867.0,25085310.0,186077993.0,-1,-0.5400632815116067,True
2855,175234704.0,27544969.0,11403172.0,16141797.0,146563735.0,147689735.0,163493960.0,0.0,0.0,1119928.0,0.0,1476937.0,280135.0,667402.0,454216.0,1040393.0,2683584.0,261.0,241.0,10430795.0,4359634.0,14361526.24,18972861.0,33940595.0,26456728.0,146563735.0,-1,-0.5399278153303534,True
315,86688303.07,60763463.0,19880657.0,40882806.0,25918619.0,25918619.0,43823811.0,869.0,433559.0,219637.0,732608.0,11598848.0,205225.0,599266.0,900802.0,254316.0,411414.0,181.0,93.0,4910588.0,1873514.0,6614883.88,3927437.0,4739175.0,4333306.0,25918619.0,-1,-0.5397227991171132,True
4529,134305513.1,37795583.0,13426584.0,24368999.0,95561992.0,96515300.0,112940605.0,0.0,699055.0,4479227.0,0.0,306992.0,172057.0,19608.0,1718989.0,3414531.0,1247241.0,86.0,80.0,7851552.0,3361222.0,10825319.24,19994407.0,25660041.0,22827224.0,95561992.04,-1,-0.5393949130948323,True
6327,94905084.0,14177489.0,7467643.5,6709845.5,80727595.0,80727595.0,89893233.0,0.0,0.0,492740.0,747302.0,13330.0,435053.0,114961.0,207962.0,0.0,2096600.5,181.0,124.0,22739216.0,5728288.0,27788152.4,2009426.0,6458712.0,4234069.0,80727595.0,-1,-0.539346912634367,True
9530,70996005.0,38324481.0,11049840.5,27274640.5,32658324.0,32671524.0,45595416.0,112.0,45759.0,1055074.0,0.0,6759239.0,39894.0,301594.0,27383.0,974693.0,124057.5,401.0,390.0,13517123.0,2861150.0,14619392.8,6365171.0,10967654.0,8666412.5,32658324.0,-1,-0.5386625479891262,True
3068,111523934.0,46111950.0,14369246.5,31742703.5,65411984.0,65411984.0,78513937.0,0.0,0.0,459345.0,191495.0,1830059.0,378861.0,290794.0,1953819.0,1893987.0,2193665.5,388.0,243.0,9718097.0,2907201.0,12256080.64,34872912.0,24357835.0,29615373.5,65411984.0,-1,-0.5386610971909441,True
766,84765477.0,31435969.0,6014938.5,25421030.5,53329508.0,53329508.0,60762721.0,52718.0,160906.0,784535.0,0.0,170249.0,107593.0,182930.0,1382869.0,886250.0,832619.5,355.0,350.0,9817018.0,3652699.0,13185950.16,17723624.0,39758822.0,28741223.0,53329508.0,-1,-0.5386546445490511,True
7281,121151768.0,32902148.0,9473248.0,23428900.0,88249620.0,88249620.0,97239906.0,0.0,673813.0,538833.0,1297502.0,530980.0,60550.0,151737.0,2940915.0,1334609.0,280249.0,216.0,169.0,7027674.0,3024220.0,8741552.44,31432482.0,52740156.0,42086319.0,88249620.0,-1,-0.5384704167375843,True
2928,190806724.0,28661818.0,9824855.0,18836963.0,162144906.0,162144906.0,170744137.0,130.0,0.0,53531.0,1372428.0,444000.0,236943.0,251819.0,2244250.0,12001.0,1051802.0,164.0,15.0,702561.0,333707.0,999940.04,78225428.0,40432332.0,59328880.0,162144906.0,-1,-0.5384366477925658,True
6210,163338547.0,62202583.0,7937833.0,54264750.0,101135964.0,101135964.0,109678347.0,0.0,0.0,1131936.0,0.0,1515383.0,161931.0,71407.0,3608222.0,14388.0,0.0,192.0,190.0,12306337.0,6140723.0,17907744.32,9437517.0,10072559.0,9755038.0,101135964.0,-1,-0.5379957755220268,True
4555,168094169.0,20019909.0,9357145.0,10662764.0,125331843.0,148074260.0,157075093.0,0.0,0.0,5806737.0,0.0,784725.0,439949.0,100269.0,915201.0,82077.0,150399.0,153.0,143.0,11460863.0,6256072.0,17012442.8,9900274.0,12823473.0,11361873.5,125331845.0,-1,-0.5374342301587504,True
500,130938130.9,58383474.0,11768401.0,46615073.0,72560028.0,72560028.0,88189852.0,0.0,0.0,6814897.0,0.0,397497.0,261070.0,32462.0,922803.0,243701.0,1921072.0,77.0,75.0,9438563.0,4035175.0,13130459.28,17980814.0,31094196.0,24537505.0,72560028.0,-1,-0.5374341534565329,True
3054,167929831.7,42713266.0,9613011.0,33100255.0,125232293.0,125232293.0,135907428.0,0.0,244991.0,351580.0,168588.0,433146.0,466821.0,142801.0,4313966.0,585833.0,986496.0,210.0,141.0,6042543.0,2347047.0,8153253.64,34740809.0,85529941.0,60135375.0,125232293.0,-1,-0.5372243653053511,True
5882,210544632.0,26467423.0,11086568.5,15380854.5,184077209.0,184077209.0,197588151.0,0.0,0.0,3002155.0,0.0,189110.0,269270.0,5645.0,4829.0,7287735.0,173580.5,10.0,10.0,898270.0,383007.0,1233701.08,42710443.0,26761829.0,34736136.0,184077209.0,-1,-0.5368523157471768,True
8952,116035810.0,48312286.0,12574528.0,35737758.0,67723524.0,67723524.0,82316416.0,0.0,325911.0,1165940.0,1191053.0,3854210.0,183201.0,113957.0,3099632.0,5274.0,453878.0,131.0,129.0,4530802.0,1943189.0,6346349.84,29700362.0,51340136.0,40520249.0,67723524.0,-1,-0.5367731566880249,True
6224,88006168.96,41371734.0,15092690.5,26279043.5,46640145.0,46640145.0,64409950.0,0.0,0.0,3039813.0,0.0,448398.0,0.0,23629.0,33120.0,9561383.0,1770206.5,166.0,158.0,9625333.0,4036774.0,13204348.32,117538.0,180484.0,149011.0,46640145.0,-1,-0.5359998217774292,True
5933,157384067.5,29621185.0,10494033.5,19127151.5,127321433.0,127782287.0,140798885.0,0.0,0.0,101034.0,4999351.0,1611313.0,17817.0,52671.0,1741126.0,783951.0,757006.5,67.0,66.0,2565077.0,1063316.0,3548053.12,15346410.0,111608674.0,63477542.0,127321433.0,-1,-0.5353902225514667,True
6477,193039695.2,19659415.0,17608502.5,2050912.5,173385964.0,173385964.0,193379074.0,0.0,0.0,1772299.0,0.0,444000.0,67570.0,316590.0,11116414.0,3338791.0,214542.5,53.0,52.0,3165063.0,1248860.0,4323418.96,5756147.0,23482233.0,14619190.0,173385964.0,-1,-0.5342441059622369,True
